Company Name,Model Name,Mobile Weight (gram),RAM (GB),Front Camera (MP),Back Camera (MP),Processor,Battery Capacity (mAh),Screen Size (inch),Launched Price (Pakistan USD),Launched Price (India USD),Launched Price (China USD),Launched Price (USA USD),Launched Price (Dubai USD),Launched Year
Apple,iPhone 16 128GB,174.0,6.0,12MP,48MP,A17 Bionic,3600,6.1,800.0,910.0,814.0,799.0,762.0,2024
Apple,iPhone 16 256GB,174.0,6.0,12MP,48MP,A17 Bionic,3600,6.1,836.0,967.0,856.0,849.0,817.0,2024
Apple,iPhone 16 512GB,174.0,6.0,12MP,48MP,A17 Bionic,3600,6.1,871.0,1024.0,912.0,899.0,871.0,2024
Apple,iPhone 16 Plus 128GB,203.0,6.0,12MP,48MP,A17 Bionic,4200,6.7,889.0,1024.0,870.0,899.0,871.0,2024
Apple,iPhone 16 Plus 256GB,203.0,6.0,12MP,48MP,A17 Bionic,4200,6.7,925.0,1081.0,912.0,949.0,926.0,2024
Apple,iPhone 16 Plus 512GB,203.0,6.0,12MP,48MP,A17 Bionic,4200,6.7,978.0,1195.0,983.0,999.0,980.0,2024
Apple,iPhone 16 Pro 128GB,206.0,6.0,12MP / 4K,50MP + 12MP,A17 Pro,4400,6.1,1014.0,1138.0,983.0,999.0,953.0,2024
Apple,iPhone 16 Pro 256GB,206.0,8.0,12MP / 4K,50MP + 12MP,A17 Pro,4400,6.1,1049.0,1195.0,997.0,1049.0,1007.0,2024
Apple,iPhone 16 Pro 512GB,206.0,8.0,12MP / 4K,50MP + 12MP,A17 Pro,4400,6.1,1120.0,1309.0,1053.0,1099.0,1062.0,2024
Apple,iPhone 16 Pro Max 128GB,221.0,6.0,12MP / 4K,48MP + 12MP,A17 Pro,4500,6.7,1120.0,1252.0,1053.0,1099.0,1035.0,2024
Apple,iPhone 16 Pro Max 256GB,221.0,8.0,12MP / 4K,48MP + 12MP,A17 Pro,4500,6.7,1156.0,1309.0,1095.0,1199.0,1089.0,2024
Apple,iPhone 16 Pro Max 512GB,221.0,8.0,12MP / 4K,48MP + 12MP,A17 Pro,4500,6.7,1227.0,1423.0,1151.0,1299.0,1144.0,2024
Apple,iPhone 15 128GB,171.0,6.0,12MP,48MP,A16 Bionic,3200,6.1,729.0,854.0,744.0,799.0,735.0,2023
Apple,iPhone 15 256GB,171.0,6.0,12MP,48MP,A16 Bionic,3200,6.1,765.0,910.0,786.0,849.0,817.0,2023
Apple,iPhone 15 512GB,171.0,6.0,12MP,48MP,A16 Bionic,3200,6.1,800.0,1024.0,842.0,949.0,871.0,2023
Apple,iPhone 15 Plus 128GB,203.0,6.0,12MP,48MP,A16 Bionic,4300,6.7,836.0,967.0,800.0,899.0,871.0,2023
Apple,iPhone 15 Plus 256GB,203.0,6.0,12MP,48MP,A16 Bionic,4300,6.7,871.0,1081.0,870.0,999.0,926.0,2023
Apple,iPhone 15 Plus 512GB,203.0,6.0,12MP,48MP,A16 Bionic,4300,6.7,943.0,1195.0,954.0,1049.0,980.0,2023
Apple,iPhone 15 Pro 128GB,206.0,6.0,12MP / 4K,48MP + 12MP,A16 Bionic,4400,6.1,978.0,1138.0,983.0,1099.0,980.0,2023
Apple,iPhone 15 Pro 256GB,206.0,8.0,12MP / 4K,48MP + 12MP,A16 Bionic,4400,6.1,1014.0,1252.0,1025.0,1199.0,1035.0,2023
Apple,iPhone 15 Pro 512GB,206.0,8.0,12MP / 4K,48MP + 12MP,A16 Bionic,4400,6.1,1085.0,1366.0,1095.0,1299.0,1144.0,2023
Apple,iPhone 15 Pro Max 128GB,221.0,6.0,12MP / 4K,48MP + 12MP,A16 Bionic,4500,6.7,1120.0,1309.0,1123.0,1199.0,1062.0,2023
Apple,iPhone 15 Pro Max 256GB,221.0,8.0,12MP / 4K,48MP + 12MP,A16 Bionic,4500,6.7,1156.0,1423.0,1151.0,1299.0,1144.0,2023
Apple,iPhone 15 Pro Max 512GB,221.0,8.0,12MP / 4K,48MP + 12MP,A16 Bionic,4500,6.7,1227.0,1537.0,1221.0,1399.0,1198.0,2023
Apple,iPhone 14 128GB,172.0,6.0,12MP,12MP + 12MP,A15 Bionic,3200,6.1,658.0,797.0,730.0,799.0,735.0,2022
Apple,iPhone 14 256GB,172.0,6.0,12MP,12MP + 12MP,A15 Bionic,3200,6.1,693.0,854.0,786.0,849.0,817.0,2022
Apple,iPhone 14 512GB,172.0,6.0,12MP,12MP + 12MP,A15 Bionic,3200,6.1,729.0,967.0,842.0,949.0,871.0,2022
Apple,iPhone 14 Plus 128GB,203.0,6.0,12MP,12MP + 12MP,A15 Bionic,4325,6.7,729.0,910.0,772.0,899.0,871.0,2022
Apple,iPhone 14 Plus 256GB,203.0,6.0,12MP,12MP + 12MP,A15 Bionic,4325,6.7,765.0,967.0,828.0,999.0,926.0,2022
Apple,iPhone 14 Plus 512GB,203.0,6.0,12MP,12MP + 12MP,A15 Bionic,4325,6.7,800.0,1081.0,884.0,1049.0,980.0,2022
Apple,iPhone 14 Pro 128GB,206.0,6.0,12MP / 4K,48MP + 12MP,A16 Bionic,4200,6.1,1049.0,1252.0,1011.0,1099.0,1007.0,2022
Apple,iPhone 14 Pro 256GB,206.0,8.0,12MP / 4K,48MP + 12MP,A16 Bionic,4200,6.1,1085.0,1366.0,1053.0,1199.0,1062.0,2022
Apple,iPhone 14 Pro 512GB,206.0,8.0,12MP / 4K,48MP + 12MP,A16 Bionic,4200,6.1,1156.0,1537.0,1123.0,1299.0,1144.0,2022
Apple,iPhone 14 Pro Max 128GB,221.0,6.0,12MP / 4K,48MP + 12MP,A16 Bionic,4500,6.7,1156.0,1423.0,1137.0,1199.0,1089.0,2022
Apple,iPhone 14 Pro Max 256GB,221.0,8.0,12MP / 4K,48MP + 12MP,A16 Bionic,4500,6.7,1227.0,1537.0,1193.0,1299.0,1144.0,2022
Apple,iPhone 14 Pro Max 512GB,221.0,8.0,12MP / 4K,48MP + 12MP,A16 Bionic,4500,6.7,1298.0,1651.0,1263.0,1399.0,1225.0,2022
Apple,iPhone 13 mini 128GB,140.0,4.0,12MP,12MP,A15 Bionic,2438,5.4,622.0,795.0,730.0,699.0,708.0,2021
Apple,iPhone 13 mini 256GB,140.0,4.0,12MP,12MP,A15 Bionic,2438,5.4,658.0,852.0,786.0,799.0,817.0,2021
Apple,iPhone 13 mini 512GB,140.0,4.0,12MP,12MP,A15 Bionic,2438,5.4,693.0,966.0,842.0,899.0,898.0,2021
Apple,iPhone 13 128GB,174.0,4.0,12MP,12MP + 12MP,A15 Bionic,3240,6.1,693.0,852.0,772.0,799.0,817.0,2021
Apple,iPhone 13 256GB,174.0,4.0,12MP,12MP + 12MP,A15 Bionic,3240,6.1,729.0,966.0,828.0,899.0,871.0,2021
Apple,iPhone 13 512GB,174.0,4.0,12MP,12MP + 12MP,A15 Bionic,3240,6.1,800.0,1080.0,884.0,999.0,980.0,2021
Apple,iPhone 13 Pro 128GB,204.0,6.0,12MP / 4K,12MP + 12MP + 12MP,A15 Bionic,3095,6.1,1049.0,1365.0,1025.0,999.0,1089.0,2021
Apple,iPhone 13 Pro 256GB,204.0,6.0,12MP / 4K,12MP + 12MP + 12MP,A15 Bionic,3095,6.1,1120.0,1479.0,1081.0,1099.0,1144.0,2021
Apple,iPhone 13 Pro 512GB,204.0,6.0,12MP / 4K,12MP + 12MP + 12MP,A15 Bionic,3095,6.1,1227.0,1593.0,1151.0,1199.0,1198.0,2021
Apple,iPhone 13 Pro Max 128GB,238.0,6.0,12MP / 4K,12MP + 12MP + 12MP,A15 Bionic,4352,6.7,1156.0,1479.0,1165.0,1099.0,1144.0,2021
Apple,iPhone 13 Pro Max 256GB,238.0,6.0,12MP / 4K,12MP + 12MP + 12MP,A15 Bionic,4352,6.7,1263.0,1593.0,1235.0,1199.0,1198.0,2021
Apple,iPhone 13 Pro Max 512GB,238.0,6.0,12MP / 4K,12MP + 12MP + 12MP,A15 Bionic,4352,6.7,1370.0,1706.0,1291.0,1399.0,1253.0,2021
Apple,iPhone 12 mini 64GB,135.0,4.0,12MP,12MP,A14 Bionic,2227,5.4,622.0,795.0,730.0,699.0,708.0,2020
Apple,iPhone 12 mini 128GB,135.0,4.0,12MP,12MP,A14 Bionic,2227,5.4,658.0,852.0,786.0,799.0,817.0,2020
Apple,iPhone 12 mini 256GB,135.0,4.0,12MP,12MP,A14 Bionic,2227,5.4,693.0,966.0,842.0,899.0,898.0,2020
Apple,iPhone 12 64GB,164.0,4.0,12MP,12MP + 12MP,A14 Bionic,2815,6.1,693.0,852.0,772.0,799.0,817.0,2020
Apple,iPhone 12 128GB,164.0,4.0,12MP,12MP + 12MP,A14 Bionic,2815,6.1,729.0,966.0,828.0,899.0,871.0,2020
Apple,iPhone 12 256GB,164.0,4.0,12MP,12MP + 12MP,A14 Bionic,2815,6.1,800.0,1080.0,884.0,999.0,980.0,2020
Apple,iPhone 12 Pro 128GB,189.0,6.0,12MP / 4K,12MP + 12MP + 12MP,A14 Bionic,2815,6.1,1120.0,1365.0,1025.0,999.0,1089.0,2020
Apple,iPhone 12 Pro 256GB,189.0,6.0,12MP / 4K,12MP + 12MP + 12MP,A14 Bionic,2815,6.1,1192.0,1479.0,1081.0,1099.0,1144.0,2020
Apple,iPhone 12 Pro 512GB,189.0,6.0,12MP / 4K,12MP + 12MP + 12MP,A14 Bionic,2815,6.1,1263.0,1593.0,1151.0,1199.0,1198.0,2020
Apple,iPhone 12 Pro Max 128GB,228.0,6.0,12MP / 4K,12MP + 12MP + 12MP,A14 Bionic,3687,6.7,1227.0,1479.0,1179.0,1099.0,1144.0,2020
Apple,iPhone 12 Pro Max 256GB,228.0,6.0,12MP / 4K,12MP + 12MP + 12MP,A14 Bionic,3687,6.7,1298.0,1593.0,1235.0,1199.0,1198.0,2020
Apple,iPhone 12 Pro Max 512GB,228.0,6.0,12MP / 4K,12MP + 12MP + 12MP,A14 Bionic,3687,6.7,1370.0,1706.0,1291.0,1399.0,1253.0,2020
Apple,iPhone 11 64GB,194.0,4.0,12MP,12MP + 12MP,A13 Bionic,3110,6.1,569.0,739.0,772.0,699.0,680.0,2019
Apple,iPhone 11 128GB,194.0,4.0,12MP,12MP + 12MP,A13 Bionic,3110,6.1,604.0,852.0,828.0,799.0,817.0,2019
Apple,iPhone 11 256GB,194.0,4.0,12MP,12MP + 12MP,A13 Bionic,3110,6.1,640.0,966.0,884.0,899.0,898.0,2019
Apple,iPhone 11 Pro 64GB,188.0,4.0,12MP / 4K,12MP + 12MP + 12MP,A13 Bionic,3046,5.8,782.0,1137.0,983.0,999.0,1035.0,2019
Apple,iPhone 11 Pro 256GB,188.0,4.0,12MP / 4K,12MP + 12MP + 12MP,A13 Bionic,3046,5.8,854.0,1251.0,1039.0,1099.0,1144.0,2019
Apple,iPhone 11 Pro 512GB,188.0,4.0,12MP / 4K,12MP + 12MP + 12MP,A13 Bionic,3046,5.8,925.0,1365.0,1123.0,1199.0,1253.0,2019
Apple,iPhone 11 Pro Max 64GB,226.0,4.0,12MP / 4K,12MP + 12MP + 12MP,A13 Bionic,3969,6.5,960.0,1251.0,1095.0,1099.0,1198.0,2019
Apple,iPhone 11 Pro Max 256GB,226.0,4.0,12MP / 4K,12MP + 12MP + 12MP,A13 Bionic,3969,6.5,1032.0,1365.0,1151.0,1199.0,1253.0,2019
Apple,iPhone 11 Pro Max 512GB,226.0,4.0,12MP / 4K,12MP + 12MP + 12MP,A13 Bionic,3969,6.5,1103.0,1479.0,1235.0,1399.0,1362.0,2019
Apple,iPhone X 64GB,174.0,3.0,7MP,12MP + 12MP,A11 Bionic,2716,5.8,587.0,1023.0,1178.0,999.0,1035.0,2017
Apple,iPhone X 256GB,174.0,3.0,7MP,12MP + 12MP,A11 Bionic,2716,5.8,658.0,1137.0,1234.0,1099.0,1144.0,2017
Apple,iPhone XS 64GB,177.0,4.0,7MP,12MP + 12MP,A12 Bionic,2658,5.8,782.0,1137.0,1290.0,999.0,1062.0,2018
Apple,iPhone XS 256GB,177.0,4.0,7MP,12MP + 12MP,A12 Bionic,2658,5.8,854.0,1251.0,1374.0,1099.0,1171.0,2018
Apple,iPhone XS 512GB,177.0,4.0,7MP,12MP + 12MP,A12 Bionic,2658,5.8,925.0,1365.0,1458.0,1299.0,1307.0,2018
Apple,iPhone XS Max 64GB,208.0,4.0,7MP,12MP + 12MP,A12 Bionic,3174,6.5,889.0,1251.0,1416.0,1099.0,1198.0,2018
Apple,iPhone XS Max 256GB,208.0,4.0,7MP,12MP + 12MP,A12 Bionic,3174,6.5,960.0,1365.0,1501.0,1249.0,1307.0,2018
Apple,iPhone XS Max 512GB,208.0,4.0,7MP,12MP + 12MP,A12 Bionic,3174,6.5,1032.0,1479.0,1585.0,1399.0,1389.0,2018
Apple,iPhone XR 64GB,194.0,3.0,7MP,12MP + 12MP,A12 Bionic,2942,6.1,533.0,739.0,884.0,749.0,735.0,2018
Apple,iPhone XR 128GB,194.0,3.0,7MP,12MP + 12MP,A12 Bionic,2942,6.1,569.0,852.0,954.0,799.0,844.0,2018
Apple,iPhone XR 256GB,194.0,3.0,7MP,12MP + 12MP,A12 Bionic,2942,6.1,640.0,966.0,1025.0,899.0,926.0,2018
Apple,iPad Air 10.9-inch 64GB,458.0,4.0,12MP,12MP,A14 Bionic,7608,10.9,284.0,625.0,463.0,599.0,571.0,2020
Apple,iPad Air 10.9-inch 256GB,458.0,4.0,12MP,12MP,A14 Bionic,7608,10.9,320.0,739.0,519.0,749.0,680.0,2020
Apple,iPad 10.2-inch 32GB,490.0,3.0,12MP,8MP,A13 Bionic,8612,10.2,177.0,340.0,322.0,329.0,326.0,2020
Apple,iPad 10.2-inch 128GB,490.0,3.0,12MP,8MP,A13 Bionic,8612,10.2,213.0,454.0,379.0,429.0,408.0,2020
Apple,iPad Mini 7.9-inch 64GB,300.5,3.0,7MP,8MP,A12 Bionic,5124,7.9,249.0,454.0,491.0,399.0,408.0,2019
Apple,iPad Mini 7.9-inch 256GB,300.5,3.0,7MP,8MP,A12 Bionic,5124,7.9,284.0,568.0,533.0,499.0,490.0,2019
Apple,iPad Pro 11-inch 128GB,468.0,4.0,7MP,12MP + 10MP,A12Z Bionic,7812,11.0,533.0,818.0,898.0,799.0,762.0,2020
Apple,iPad Pro 11-inch 256GB,468.0,4.0,7MP,12MP + 10MP,A12Z Bionic,7812,11.0,604.0,1023.0,1011.0,899.0,871.0,2020
Apple,iPad Pro 11-inch 512GB,468.0,6.0,7MP,12MP + 10MP,A12Z Bionic,7812,11.0,676.0,1251.0,1123.0,1099.0,1007.0,2020
Apple,iPad Pro 12.9-inch 128GB,682.0,6.0,7MP,12MP + 10MP,A12Z Bionic,9720,12.9,782.0,1080.0,1123.0,999.0,1035.0,2020
Apple,iPad Pro 12.9-inch 256GB,682.0,6.0,7MP,12MP + 10MP,A12Z Bionic,9720,12.9,854.0,1251.0,1221.0,1099.0,1144.0,2020
Apple,iPad Pro 12.9-inch 512GB,682.0,6.0,7MP,12MP + 10MP,A12Z Bionic,9720,12.9,925.0,1365.0,1291.0,1299.0,1253.0,2020
Apple,iPad Pro 13-inch 128GB,708.0,6.0,7MP,12MP + 10MP,A12Z Bionic,10307,13.0,925.0,1365.0,1221.0,1099.0,1225.0,2020
Apple,iPad Pro 13-inch 256GB,708.0,6.0,7MP,12MP + 10MP,A12Z Bionic,10307,13.0,996.0,1593.0,1291.0,1199.0,1307.0,2020
Apple,iPad Pro 13-inch 512GB,708.0,6.0,7MP,12MP + 10MP,A12Z Bionic,10307,13.0,1103.0,1820.0,1376.0,1399.0,1443.0,2020
Apple,iPad Pro 13-inch 1TB,708.0,6.0,7MP,12MP + 10MP,A12Z Bionic,10307,13.0,1281.0,2048.0,1460.0,1599.0,1580.0,2020
Apple,iPad Pro 13-inch 2TB,708.0,6.0,7MP,12MP + 10MP,A12Z Bionic,10307,13.0,1423.0,2276.0,1572.0,1799.0,1661.0,2020
Samsung,Galaxy S24 Ultra 128GB,234.0,12.0,12MP,200MP + 12MP,Exynos 2400,5000,6.8,1601.0,1194.0,1053.0,1199.0,1334.0,2024
Samsung,Galaxy S24 Ultra 256GB,234.0,12.0,12MP,200MP + 12MP,Exynos 2400,5000,6.8,1708.0,1308.0,1123.0,1299.0,1389.0,2024
Samsung,Galaxy S24+ 128GB,196.0,8.0,12MP,50MP + 12MP,Exynos 2400,4800,6.6,1423.0,1023.0,870.0,899.0,980.0,2024
Samsung,Galaxy S24+ 256GB,196.0,8.0,12MP,50MP + 12MP,Exynos 2400,4800,6.6,1530.0,1137.0,983.0,999.0,1035.0,2024
Samsung,Galaxy S24 128GB,168.0,8.0,12MP,50MP + 12MP,Exynos 2400,4000,6.1,1245.0,909.0,814.0,799.0,898.0,2024
Samsung,Galaxy S24 256GB,168.0,8.0,12MP,50MP + 12MP,Exynos 2400,4000,6.1,1352.0,1023.0,870.0,899.0,953.0,2024
Samsung,Galaxy S23 Ultra 128GB,228.0,12.0,12MP,200MP + 12MP,Snapdragon 8 Gen 2,5000,6.8,1530.0,1137.0,1025.0,1199.0,1253.0,2023
Samsung,Galaxy S23 Ultra 256GB,228.0,12.0,12MP,200MP + 12MP,Snapdragon 8 Gen 2,5000,6.8,1637.0,1251.0,1123.0,1299.0,1334.0,2023
Samsung,Galaxy S23+ 128GB,196.0,8.0,12MP,50MP + 12MP,Snapdragon 8 Gen 2,4700,6.6,1281.0,909.0,870.0,899.0,926.0,2023
Samsung,Galaxy S23+ 256GB,196.0,8.0,12MP,50MP + 12MP,Snapdragon 8 Gen 2,4700,6.6,1387.0,1023.0,954.0,999.0,980.0,2023
Samsung,Galaxy S23 128GB,168.0,8.0,12MP,50MP + 12MP,Snapdragon 8 Gen 2,3900,6.1,1138.0,795.0,772.0,799.0,844.0,2023
Samsung,Galaxy S23 256GB,168.0,8.0,12MP,50MP + 12MP,Snapdragon 8 Gen 2,3900,6.1,1245.0,909.0,842.0,899.0,898.0,2023
Samsung,Galaxy S22 Ultra 128GB,228.0,12.0,10MP,108MP + 12MP,Exynos 2200,5000,6.8,1494.0,1080.0,926.0,1099.0,1225.0,2022
Samsung,Galaxy S22 Ultra 256GB,228.0,12.0,10MP,108MP + 12MP,Exynos 2200,5000,6.8,1601.0,1194.0,1011.0,1199.0,1307.0,2022
Samsung,Galaxy S22+ 128GB,195.0,8.0,10MP,50MP + 12MP,Exynos 2200,4500,6.6,1245.0,909.0,842.0,799.0,898.0,2022
Samsung,Galaxy S22+ 256GB,195.0,8.0,10MP,50MP + 12MP,Exynos 2200,4500,6.6,1352.0,1023.0,912.0,899.0,980.0,2022
Samsung,Galaxy S22 128GB,167.0,8.0,10MP,50MP + 12MP,Exynos 2200,3800,6.1,1067.0,795.0,772.0,699.0,817.0,2022
Samsung,Galaxy S22 256GB,167.0,8.0,10MP,50MP + 12MP,Exynos 2200,3800,6.1,1174.0,909.0,842.0,799.0,871.0,2022
Samsung,Galaxy Z Fold 5 256GB,254.0,12.0,10MP,50MP + 12MP,Snapdragon 8 Gen 2,4400,7.6,1779.0,1763.0,1685.0,1799.0,1907.0,2023
Samsung,Galaxy Z Fold 5 512GB,254.0,12.0,10MP,50MP + 12MP,Snapdragon 8 Gen 2,4400,7.6,1957.0,1991.0,1825.0,1899.0,2043.0,2023
Samsung,Galaxy Z Flip 5 256GB,187.0,8.0,12MP,12MP + 12MP,Snapdragon 8 Gen 2,3700,6.7,1245.0,1080.0,1123.0,999.0,1116.0,2023
Samsung,Galaxy Z Flip 5 512GB,187.0,8.0,12MP,12MP + 12MP,Snapdragon 8 Gen 2,3700,6.7,1352.0,1194.0,1263.0,1099.0,1198.0,2023
Samsung,Galaxy Z Fold 4 256GB,263.0,12.0,10MP,50MP + 12MP,Snapdragon 8 Gen 1,4400,7.6,1708.0,1536.0,1544.0,1799.0,1770.0,2022
Samsung,Galaxy Z Fold 4 512GB,263.0,12.0,10MP,50MP + 12MP,Snapdragon 8 Gen 1,4400,7.6,1886.0,1763.0,1685.0,1899.0,1934.0,2022
Samsung,Galaxy Z Flip 4 256GB,187.0,8.0,10MP,12MP + 12MP,Snapdragon 8 Gen 1,3700,6.7,1138.0,966.0,983.0,999.0,1035.0,2022
Samsung,Galaxy Z Flip 4 512GB,187.0,8.0,10MP,12MP + 12MP,Snapdragon 8 Gen 1,3700,6.7,1245.0,1080.0,1123.0,1099.0,1116.0,2022
Samsung,Galaxy A54 128GB,189.0,6.0,32MP,50MP + 12MP,Exynos 1380,5000,6.4,302.0,318.0,308.0,399.0,381.0,2023
Samsung,Galaxy A54 256GB,189.0,6.0,32MP,50MP + 12MP,Exynos 1380,5000,6.4,338.0,375.0,350.0,449.0,408.0,2023
Samsung,Galaxy A34 128GB,199.0,6.0,13MP,48MP + 8MP,MediaTek Dimensity 1080,5000,6.6,266.0,261.0,252.0,349.0,353.0,2023
Samsung,Galaxy A34 256GB,199.0,6.0,13MP,48MP + 8MP,MediaTek Dimensity 1080,5000,6.6,302.0,318.0,280.0,399.0,381.0,2023
Samsung,Galaxy A24 128GB,195.0,6.0,13MP,50MP + 5MP,MediaTek Helio G99,5000,6.5,249.0,227.0,224.0,299.0,326.0,2023
Samsung,Galaxy A24 256GB,195.0,6.0,13MP,50MP + 5MP,MediaTek Helio G99,5000,6.5,284.0,284.0,252.0,349.0,353.0,2023
Samsung,Galaxy A14 128GB,190.0,4.0,13MP,50MP + 2MP,Exynos 850,5000,6.6,213.0,210.0,210.0,249.0,299.0,2023
Samsung,Galaxy A14 256GB,190.0,4.0,13MP,50MP + 2MP,Exynos 850,5000,6.6,249.0,250.0,238.0,299.0,326.0,2023
Samsung,Galaxy A04 64GB,188.0,4.0,5MP,50MP + 2MP,Exynos 850,5000,6.5,177.0,170.0,168.0,199.0,244.0,2022
Samsung,Galaxy A04 128GB,188.0,4.0,5MP,50MP + 2MP,Exynos 850,5000,6.5,213.0,210.0,196.0,249.0,272.0,2022
Samsung,Galaxy M54 128GB,202.0,8.0,32MP,108MP + 8MP,Exynos 1380,6000,6.7,338.0,273.0,294.0,349.0,353.0,2023
Samsung,Galaxy M54 256GB,202.0,8.0,32MP,108MP + 8MP,Exynos 1380,6000,6.7,373.0,307.0,322.0,399.0,381.0,2023
Samsung,Galaxy M34 128GB,199.0,6.0,13MP,50MP + 8MP,Exynos 1280,6000,6.5,249.0,204.0,238.0,299.0,299.0,2023
Samsung,Galaxy M34 256GB,199.0,6.0,13MP,50MP + 8MP,Exynos 1280,6000,6.5,284.0,239.0,280.0,349.0,326.0,2023
Samsung,Galaxy M14 128GB,202.0,4.0,13MP,50MP + 2MP,Exynos 850,6000,6.6,213.0,170.0,196.0,249.0,272.0,2023
Samsung,Galaxy M14 256GB,202.0,4.0,13MP,50MP + 2MP,Exynos 850,6000,6.6,249.0,204.0,224.0,299.0,299.0,2023
Samsung,Galaxy M04 64GB,188.0,4.0,5MP,13MP + 2MP,MediaTek Helio P35,5000,6.5,177.0,148.0,154.0,199.0,244.0,2022
Samsung,Galaxy M04 128GB,188.0,4.0,5MP,13MP + 2MP,MediaTek Helio P35,5000,6.5,213.0,182.0,182.0,249.0,272.0,2022
Samsung,Galaxy F54 128GB,199.0,8.0,32MP,108MP + 8MP,Exynos 1380,6000,6.7,302.0,273.0,308.0,349.0,353.0,2023
Samsung,Galaxy F54 256GB,199.0,8.0,32MP,108MP + 8MP,Exynos 1380,6000,6.7,338.0,307.0,336.0,399.0,381.0,2023
Samsung,Galaxy F34 128GB,190.0,6.0,13MP,50MP + 8MP,Exynos 1280,6000,6.5,249.0,216.0,252.0,299.0,299.0,2023
Samsung,Galaxy F34 256GB,190.0,6.0,13MP,50MP + 8MP,Exynos 1280,6000,6.5,284.0,250.0,280.0,349.0,326.0,2023
Samsung,Galaxy F14 128GB,198.0,4.0,13MP,50MP + 2MP,Exynos 850,6000,6.6,213.0,170.0,196.0,249.0,272.0,2023
Samsung,Galaxy F14 256GB,198.0,4.0,13MP,50MP + 2MP,Exynos 850,6000,6.6,249.0,204.0,224.0,299.0,299.0,2023
Samsung,Galaxy Note 20 Ultra 128GB,208.0,12.0,10MP,108MP + 12MP,Exynos 990,4500,6.9,640.0,1138.0,1123.0,1299.0,1225.0,2020
Samsung,Galaxy Note 20 Ultra 256GB,208.0,12.0,10MP,108MP + 12MP,Exynos 990,4500,6.9,711.0,1195.0,1193.0,1399.0,1362.0,2020
Samsung,Galaxy Note 20 128GB,192.0,8.0,10MP,108MP + 12MP,Exynos 990,4300,6.7,533.0,888.0,912.0,999.0,1089.0,2020
Samsung,Galaxy Note 20 256GB,192.0,8.0,10MP,108MP + 12MP,Exynos 990,4300,6.7,604.0,1024.0,997.0,1099.0,1144.0,2020
Samsung,Galaxy Note 10+ 256GB,196.0,12.0,10MP,12MP + 16MP,Exynos 9825,4300,6.8,569.0,854.0,884.0,1099.0,1062.0,2019
Samsung,Galaxy Note 10+ 512GB,196.0,12.0,10MP,12MP + 16MP,Exynos 9825,4300,6.8,640.0,967.0,983.0,1199.0,1144.0,2019
Samsung,Galaxy Note 10 256GB,168.0,8.0,10MP,12MP + 16MP,Exynos 9825,3500,6.3,498.0,740.0,800.0,949.0,1007.0,2019
Samsung,Galaxy Note 10 128GB,168.0,8.0,10MP,12MP + 16MP,Exynos 9825,3500,6.3,427.0,683.0,730.0,899.0,926.0,2019
Samsung,Galaxy Xcover 6 Pro 128GB,235.0,6.0,13MP,50MP,Exynos 1380,4050,6.6,266.0,330.0,322.0,499.0,462.0,2022
Samsung,Galaxy Xcover 5 64GB,172.0,4.0,5MP,16MP,Exynos 850,3000,5.3,177.0,199.0,182.0,249.0,244.0,2020
Samsung,Galaxy J8 64GB,191.0,4.0,16MP,16MP + 5MP,Snapdragon 450,3500,6.0,160.0,216.0,238.0,199.0,217.0,2018
Samsung,Galaxy J7 Pro 64GB,181.0,3.0,13MP,13MP,Exynos 7870,3600,5.5,142.0,216.0,224.0,179.0,190.0,2017
Samsung,Galaxy J6+ 64GB,178.0,4.0,8MP,13MP + 5MP,Snapdragon 425,3300,6.0,142.0,182.0,210.0,169.0,190.0,2018
Samsung,Galaxy J4 16GB,175.0,2.0,5MP,13MP,Exynos 7570,3000,5.5,88.0,113.0,140.0,129.0,135.0,2018
Samsung,Galaxy C9 Pro 64GB,189.0,6.0,16MP,16MP + 8MP,Snapdragon 653,4000,6.0,231.0,375.0,435.0,399.0,353.0,2016
Samsung,Galaxy C7 Pro 64GB,165.0,4.0,16MP,16MP,Snapdragon 625,3300,5.7,177.0,261.0,350.0,299.0,272.0,2017
Samsung,Galaxy C5 32GB,143.0,4.0,8MP,16MP,Snapdragon 617,2600,5.2,142.0,227.0,266.0,249.0,217.0,2016
Samsung,Galaxy W22 5G 256GB,228.0,12.0,10MP,108MP + 12MP,Snapdragon 888,4500,7.6,996.0,1138.0,1544.0,1499.0,1498.0,2021
Samsung,Galaxy W21 5G 256GB,229.0,12.0,10MP,108MP + 12MP,Snapdragon 888,4500,7.6,925.0,1024.0,1404.0,1399.0,1362.0,2020
Samsung,Galaxy Tab S9 Ultra 256GB,732.0,12.0,12MP + 12MP,13MP + 8MP,Snapdragon 8 Gen 2,11200,14.6,1245.0,1309.0,1404.0,1199.0,1225.0,2023
Samsung,Galaxy Tab S9+ 256GB,586.0,12.0,12MP,13MP + 8MP,Snapdragon 8 Gen 2,10090,12.4,996.0,1138.0,1235.0,999.0,1089.0,2023
Samsung,Galaxy Tab S9 128GB,498.0,8.0,12MP,13MP,Snapdragon 8 Gen 2,8400,11.0,818.0,979.0,1025.0,799.0,898.0,2023
Samsung,Galaxy Tab S9 FE 128GB,523.0,6.0,12MP,8MP,Exynos 1380,8000,10.9,533.0,569.0,772.0,549.0,544.0,2023
Samsung,Galaxy Tab S8 Ultra 256GB,726.0,12.0,12MP + 12MP,13MP + 6MP,Snapdragon 8 Gen 1,11200,14.6,1138.0,1252.0,1334.0,1099.0,1171.0,2022
Samsung,Galaxy Tab S8+ 256GB,567.0,8.0,12MP,13MP + 6MP,Snapdragon 8 Gen 1,10090,12.4,889.0,1081.0,1165.0,899.0,1007.0,2022
Samsung,Galaxy Tab S8 128GB,503.0,8.0,12MP,13MP + 6MP,Snapdragon 8 Gen 1,8000,11.0,711.0,854.0,983.0,699.0,817.0,2022
Samsung,Galaxy Tab A9+ 128GB,480.0,8.0,5MP,8MP,Snapdragon 695,7040,11.0,355.0,261.0,252.0,229.0,244.0,2023
Samsung,Galaxy Tab A9 64GB,366.0,4.0,2MP,8MP,MediaTek Helio G99,5100,8.7,266.0,193.0,182.0,179.0,190.0,2023
Samsung,Galaxy Tab A8 64GB,508.0,4.0,5MP,8MP,Unisoc T618,7040,10.5,241.0,204.0,210.0,199.0,217.0,2022
Samsung,Galaxy Tab A7 Lite 32GB,366.0,3.0,2MP,8MP,MediaTek Helio P22T,5100,8.7,142.0,136.0,140.0,149.0,163.0,2021
Samsung,Galaxy Tab Active 5 128GB,433.0,6.0,5MP,13MP,Exynos 1380,5050,8.0,533.0,626.0,519.0,549.0,599.0,2024
Samsung,Galaxy Tab Active 4 Pro 128GB,674.0,6.0,8MP,13MP,Snapdragon 778G,7600,10.1,640.0,740.0,603.0,649.0,708.0,2022
Samsung,Galaxy Tab Active 3 64GB,426.0,4.0,5MP,13MP,Exynos 9810,5050,8.0,427.0,512.0,421.0,499.0,517.0,2020
Samsung,Galaxy Tab E 10.1 16GB,490.0,1.5,2MP,5MP,Spreadtrum SC8830,5000,10.1,124.0,113.0,126.0,129.0,135.0,2016
Samsung,Galaxy Tab E 8.0 16GB,360.0,1.5,2MP,5MP,Qualcomm MSM8916,5000,8.0,99.0,96.0,112.0,99.0,108.0,2016
Oneplus,OnePlus 12 256GB,205.0,12.0,32MP,50MP + 48MP,Snapdragon 8 Gen 3,5000,6.7,782.0,854.0,842.0,799.0,871.0,2024
Oneplus,OnePlus 12R 256GB,203.0,12.0,16MP,50MP + 8MP,Snapdragon 8 Gen 2,4500,6.7,604.0,569.0,603.0,699.0,708.0,2024
Oneplus,OnePlus 11 256GB,205.0,12.0,16MP,50MP + 48MP,Snapdragon 8 Gen 1,5000,6.7,640.0,626.0,702.0,699.0,762.0,2023
Oneplus,OnePlus 11R 256GB,202.0,12.0,16MP,50MP + 8MP,Snapdragon 8 Gen 1,5000,6.7,569.0,512.0,533.0,599.0,680.0,2023
Oneplus,OnePlus Nord 3 256GB,190.0,12.0,16MP,50MP + 8MP,MediaTek Dimensity 9000,5000,6.74,427.0,398.0,491.0,499.0,544.0,2023
Oneplus,OnePlus Nord CE 3 128GB,179.0,8.0,16MP,50MP + 2MP,Snapdragon 782G,5000,6.72,302.0,261.0,393.0,399.0,408.0,2023
Oneplus,OnePlus Nord CE 3 Lite 128GB,195.0,8.0,16MP,108MP,Snapdragon 695,5000,6.72,213.0,204.0,294.0,299.0,326.0,2023
Oneplus,OnePlus Nord N30 5G 128GB,192.0,8.0,16MP,64MP + 2MP,MediaTek Dimensity 6020,5000,6.72,195.0,193.0,280.0,249.0,272.0,2023
Oneplus,OnePlus Open 256GB,238.0,16.0,32MP,48MP + 48MP,Snapdragon 8 Gen 2,4800,7.8,1067.0,854.0,983.0,1099.0,1171.0,2024
Oneplus,OnePlus 10 Pro 256GB,200.0,12.0,32MP,50MP + 48MP,Snapdragon 8 Gen 1,5000,6.7,711.0,740.0,702.0,899.0,898.0,2022
Oneplus,OnePlus 10T 256GB,203.0,12.0,16MP,50MP + 8MP,Snapdragon 8+ Gen 1,4500,6.7,640.0,626.0,659.0,749.0,789.0,2022
Oneplus,OnePlus 9 Pro 256GB,192.0,12.0,16MP,48MP + 50MP,Snapdragon 888,4500,6.7,640.0,683.0,589.0,699.0,762.0,2021
Oneplus,OnePlus 9 128GB,183.0,8.0,16MP,48MP + 50MP,Snapdragon 888,4500,6.55,533.0,455.0,519.0,599.0,626.0,2021
Oneplus,OnePlus 11 Pro 256GB,204.0,16.0,32MP,50MP + 48MP,Snapdragon 8 Gen 2,5000,6.7,782.0,854.0,898.0,899.0,980.0,2023
Oneplus,OnePlus Nord 2T 128GB,190.0,8.0,32MP,50MP + 8MP,MediaTek Dimensity 1300,4500,6.43,249.0,330.0,350.0,399.0,462.0,2022
Oneplus,OnePlus Nord 2 128GB,190.0,8.0,32MP,50MP + 8MP,MediaTek Dimensity 1200-AI,4500,6.43,213.0,318.0,322.0,349.0,408.0,2021
Oneplus,OnePlus Nord N200 64GB,189.0,4.0,16MP,13MP + 2MP,Snapdragon 480,5000,6.49,142.0,182.0,168.0,199.0,217.0,2021
Oneplus,OnePlus Nord N100 64GB,185.0,4.0,8MP,13MP + 2MP,Qualcomm Snapdragon 460,5000,6.52,106.0,148.0,154.0,179.0,190.0,2020
Oneplus,OnePlus 8T Cyberpunk 2077 Edition 256GB,188.0,12.0,16MP,48MP + 16MP,Snapdragon 865,4500,6.55,498.0,523.0,519.0,749.0,817.0,2020
Oneplus,OnePlus 9T 128GB,192.0,8.0,16MP,48MP + 50MP,Snapdragon 888,4500,6.55,569.0,569.0,589.0,649.0,762.0,2021
Oneplus,OnePlus 8T 256GB,188.0,12.0,16MP,48MP + 16MP,Snapdragon 865,4500,6.55,427.0,489.0,491.0,599.0,680.0,2020
Oneplus,OnePlus 10T 5G 256GB,203.0,12.0,16MP,50MP + 8MP,Snapdragon 8+ Gen 1,4500,6.7,640.0,626.0,659.0,749.0,789.0,2022
Oneplus,OnePlus 9R 5G 128GB,189.0,8.0,16MP,48MP + 5MP,Snapdragon 870,4500,6.55,569.0,455.0,491.0,599.0,680.0,2021
Oneplus,OnePlus 8 Pro 256GB,199.0,12.0,16MP,48MP + 48MP,Snapdragon 865,4510,6.78,569.0,626.0,702.0,749.0,817.0,2020
Oneplus,OnePlus 8 128GB,180.0,8.0,16MP,48MP + 16MP,Snapdragon 865,4300,6.55,427.0,478.0,491.0,699.0,680.0,2020
Oneplus,OnePlus Nord CE 2 Lite 128GB,195.0,6.0,16MP,64MP + 2MP,MediaTek Dimensity 900,5000,6.59,177.0,227.0,252.0,249.0,272.0,2022
Oneplus,OnePlus Nord CE 2 128GB,173.0,8.0,16MP,64MP + 8MP,MediaTek Dimensity 1200,4500,6.43,231.0,273.0,350.0,299.0,353.0,2022
Oneplus,OnePlus Nord 1 128GB,184.0,6.0,16MP,48MP + 5MP,Snapdragon 765G,4115,6.44,177.0,261.0,294.0,349.0,408.0,2020
Oneplus,OnePlus Nord CE 5G 128GB,170.0,6.0,16MP,64MP + 8MP,Snapdragon 750G,4500,6.43,195.0,284.0,350.0,299.0,408.0,2021
Oneplus,OnePlus Nord 2 5G 128GB,189.0,8.0,32MP,50MP + 8MP,MediaTek Dimensity 1200-AI,4500,6.43,249.0,318.0,350.0,399.0,462.0,2021
Oneplus,OnePlus Nord N100 5G 64GB,185.0,4.0,8MP,13MP + 2MP,Qualcomm Snapdragon 460,5000,6.52,106.0,148.0,154.0,179.0,190.0,2020
Oneplus,OnePlus Nord N10 5G 128GB,190.0,6.0,16MP,64MP + 8MP,Qualcomm Snapdragon 690,4300,6.49,177.0,227.0,252.0,299.0,299.0,2020
Oneplus,OnePlus 8R 128GB,192.0,8.0,16MP,48MP + 5MP,Snapdragon 865,4300,6.55,427.0,478.0,491.0,649.0,680.0,2020
Oneplus,OnePlus 7R 128GB,190.0,6.0,16MP,48MP + 5MP,Snapdragon 855,3700,6.41,391.0,444.0,449.0,599.0,653.0,2020
Oneplus,OnePlus 6T McLaren Edition 256GB,185.0,10.0,16MP,20MP + 16MP,Snapdragon 845,3700,6.41,533.0,580.0,659.0,799.0,898.0,2018
Oneplus,OnePlus 5T Star Wars Edition 128GB,162.0,6.0,16MP,16MP + 20MP,Snapdragon 835,3300,6.01,320.0,398.0,491.0,649.0,680.0,2017
Oneplus,OnePlus 13R 128GB,210.0,8.0,16MP,50MP + 8MP,Snapdragon 8 Gen 2,4500,6.7,782.0,854.0,912.0,849.0,980.0,2023
Oneplus,OnePlus 11T 128GB,202.0,12.0,32MP,50MP + 48MP,Snapdragon 8 Gen 2,5000,6.7,711.0,854.0,842.0,799.0,953.0,2023
Oneplus,OnePlus 10R 128GB,205.0,8.0,16MP,50MP + 16MP,MediaTek Dimensity 8100,4500,6.7,604.0,569.0,547.0,599.0,680.0,2022
Oneplus,OnePlus 7 Pro 5G 256GB,206.0,12.0,16MP,48MP + 8MP,Snapdragon 855,4000,6.67,604.0,683.0,659.0,799.0,898.0,2019
Oneplus,OnePlus 6 Special Edition 128GB,177.0,6.0,16MP,20MP + 16MP,Snapdragon 845,3300,6.28,355.0,432.0,491.0,599.0,680.0,2018
Oneplus,OnePlus 5 Special Edition 128GB,155.0,8.0,16MP,20MP + 16MP,Snapdragon 835,3300,5.5,338.0,421.0,463.0,599.0,653.0,2017
Oneplus,OnePlus Nord X 128GB,190.0,8.0,32MP,64MP + 8MP,Snapdragon 765G,4000,6.44,249.0,284.0,350.0,299.0,353.0,2020
Oneplus,OnePlus 8 Pro McLaren Edition 256GB,199.0,12.0,16MP,48MP + 8MP,Snapdragon 865,4510,6.78,604.0,683.0,702.0,899.0,980.0,2020
Oneplus,OnePlus 8T Cyberpunk Edition 256GB,188.0,12.0,16MP,48MP + 16MP,Snapdragon 865,4500,6.55,604.0,671.0,659.0,799.0,898.0,2020
Oneplus,OnePlus 7T Pro 5G McLaren Edition 256GB,206.0,12.0,16MP,48MP + 8MP,Snapdragon 855,4085,6.67,640.0,797.0,744.0,899.0,1035.0,2019
Oneplus,OnePlus 15R 128GB,210.0,12.0,32MP,50MP + 8MP,Snapdragon 8 Gen 3,5000,6.7,818.0,854.0,912.0,849.0,1007.0,2023
Oneplus,OnePlus 14+ 128GB,202.0,8.0,16MP,64MP + 8MP,Snapdragon 8 Gen 2,4800,6.55,711.0,797.0,842.0,799.0,953.0,2023
Oneplus,OnePlus 13 Pro 256GB,215.0,12.0,32MP,50MP + 48MP,Snapdragon 8 Gen 2,5000,6.7,782.0,854.0,870.0,899.0,1035.0,2023
Oneplus,OnePlus 12T 5G 256GB,200.0,12.0,16MP,50MP + 8MP,Snapdragon 8 Gen 2,5000,6.7,782.0,854.0,828.0,849.0,980.0,2023
Oneplus,OnePlus Pad,550.0,8.0,8MP,13MP,MediaTek Dimensity 9000,9510,11.61,338.0,455.0,561.0,499.0,490.0,2023
Oneplus,OnePlus Pad 2,550.0,8.0,8MP,13MP,MediaTek Dimensity 9000,9510,11.61,373.0,512.0,631.0,549.0,544.0,2024
Oneplus,OnePlus Pad Pro,610.0,12.0,16MP,50MP,Snapdragon 8 Gen 3,11000,12.4,604.0,797.0,842.0,799.0,708.0,2024
Vivo,X200 128GB,223.0,12.0,32MP,50MP,Dimensity 9400,6000,6.78,711.0,1366.0,983.0,999.0,1007.0,2024
Vivo,X200 256GB,223.0,12.0,32MP,50MP,Dimensity 9400,6000,6.78,782.0,1480.0,1053.0,1099.0,1089.0,2024
Vivo,X200 Pro 256GB,223.0,16.0,32MP,200MP,Dimensity 9400,6000,6.78,818.0,1594.0,1123.0,1199.0,1198.0,2024
Vivo,X200 Pro 512GB,223.0,16.0,32MP,200MP,Dimensity 9400,6000,6.78,889.0,1708.0,1193.0,1299.0,1280.0,2024
Vivo,X200 Pro Mini 256GB,187.0,16.0,32MP,50MP,Dimensity 9400,5700,6.31,676.0,1252.0,912.0,949.0,953.0,2024
Vivo,V40e 128GB,179.0,8.0,44MP,64MP,Snapdragon 778G,4100,6.44,284.0,512.0,421.0,449.0,449.0,2024
Vivo,Y200 GT 128GB,190.0,12.0,16MP,64MP,Dimensity 1200,5000,6.58,249.0,455.0,350.0,399.0,408.0,2024
Vivo,T3 5G 128GB,180.0,8.0,16MP,50MP,Snapdragon 870,5000,6.67,213.0,398.0,322.0,349.0,353.0,2024
Vivo,Y100 5G 128GB,181.0,8.0,16MP,64MP,Dimensity 900,4500,6.38,195.0,341.0,280.0,299.0,299.0,2024
Vivo,S18 Pro 256GB,189.0,12.0,32MP,108MP,Snapdragon 8 Gen 2,4700,6.56,355.0,683.0,561.0,599.0,599.0,2024
Vivo,V30 Pro 128GB,192.0,12.0,32MP,64MP,Dimensity 1100,4500,6.44,320.0,569.0,491.0,549.0,544.0,2024
Vivo,iQOO 12 256GB,210.0,16.0,16MP,50MP,Snapdragon 8 Gen 3,5000,6.78,391.0,740.0,631.0,699.0,708.0,2024
Vivo,Z3 64GB,162.0,6.0,12MP,16MP,Snapdragon 710,3315,6.3,142.0,261.0,238.0,249.0,244.0,2018
Vivo,V9 64GB,150.0,4.0,24MP,16MP,Snapdragon 626,3260,6.3,124.0,227.0,210.0,219.0,217.0,2018
Vivo,X9 Plus 128GB,199.0,6.0,20MP+8MP,16MP,Snapdragon 653,4000,5.88,153.0,284.0,308.0,299.0,299.0,2017
Vivo,Y81 32GB,146.0,3.0,5MP,13MP,MediaTek Helio P22,3260,6.22,81.0,148.0,140.0,149.0,149.0,2018
Vivo,X5Max 16GB,146.0,2.0,5MP,13MP,Snapdragon 615,2300,5.5,106.0,193.0,182.0,199.0,190.0,2014
Vivo,V5 Plus 64GB,158.0,4.0,20MP+8MP,16MP,Snapdragon 625,3055,5.5,142.0,261.0,238.0,249.0,244.0,2017
Vivo,Y95 64GB,163.0,4.0,20MP,13MP+2MP,Snapdragon 439,4030,6.22,106.0,193.0,182.0,199.0,190.0,2018
Vivo,V3 Max 32GB,168.0,4.0,8MP,13MP,Snapdragon 652,3000,5.5,88.0,159.0,168.0,179.0,176.0,2016
Vivo,X3S 16GB,153.0,1.0,5MP,13MP,MediaTek MT6592,2000,5.0,71.0,125.0,126.0,139.0,135.0,2014
Vivo,Y66 32GB,155.0,3.0,16MP,13MP,Snapdragon 430,3000,5.5,99.0,170.0,168.0,179.0,176.0,2017
Vivo,V19 128GB,176.0,8.0,32MP,48MP,Qualcomm Snapdragon 712,4500,6.44,177.0,318.0,393.0,399.0,408.0,2020
Vivo,V19 256GB,176.0,8.0,32MP,48MP,Qualcomm Snapdragon 712,4500,6.44,195.0,364.0,449.0,429.0,435.0,2020
Vivo,V17 Pro 128GB,201.0,8.0,32MP,48MP,Qualcomm Snapdragon 675,4100,6.44,195.0,318.0,421.0,399.0,408.0,2019
Vivo,V17 Pro 256GB,201.0,8.0,32MP,48MP,Qualcomm Snapdragon 675,4100,6.44,213.0,387.0,449.0,429.0,435.0,2019
Vivo,Y12s 64GB,191.0,3.0,8MP,13MP,MediaTek Helio P35,5000,6.51,67.0,125.0,126.0,159.0,163.0,2020
Vivo,Y12s 128GB,191.0,4.0,8MP,13MP,MediaTek Helio P35,5000,6.51,81.0,159.0,154.0,179.0,190.0,2020
Vivo,S1 Pro 128GB,185.0,6.0,32MP,48MP,MediaTek Helio P65,4500,6.38,142.0,227.0,322.0,249.0,272.0,2019
Vivo,S1 Pro 256GB,185.0,6.0,32MP,48MP,MediaTek Helio P65,4500,6.38,160.0,284.0,350.0,269.0,299.0,2019
Vivo,Y11 32GB,190.0,3.0,8MP,13MP,Qualcomm Snapdragon 439,5000,6.35,65.0,125.0,126.0,149.0,163.0,2019
Vivo,Y11 64GB,190.0,3.0,8MP,13MP,Qualcomm Snapdragon 439,5000,6.35,80.0,153.0,154.0,169.0,176.0,2019
Vivo,V15 128GB,190.0,6.0,32MP,48MP,MediaTek Helio P70,4000,6.53,124.0,261.0,308.0,299.0,299.0,2019
Vivo,V15 256GB,190.0,6.0,32MP,48MP,MediaTek Helio P70,4000,6.53,142.0,307.0,336.0,319.0,326.0,2019
Vivo,X27 Pro 128GB,190.0,8.0,32MP,48MP,Qualcomm Snapdragon 710,4000,6.39,213.0,409.0,491.0,499.0,490.0,2019
Vivo,X27 Pro 256GB,190.0,8.0,32MP,48MP,Qualcomm Snapdragon 710,4000,6.39,231.0,455.0,533.0,549.0,544.0,2019
Vivo,Y30 128GB,193.0,4.0,8MP,13MP,MediaTek Helio P35,5000,6.47,88.0,170.0,210.0,199.0,204.0,2020
Vivo,Y30 64GB,193.0,3.0,8MP,13MP,MediaTek Helio P35,5000,6.47,71.0,136.0,182.0,169.0,176.0,2020
Vivo,Z1 Pro 64GB,159.0,4.0,16MP,16MP,Qualcomm Snapdragon 712,4500,6.53,106.0,216.0,252.0,249.0,244.0,2019
Vivo,Z1 Pro 128GB,159.0,6.0,16MP,16MP,Qualcomm Snapdragon 712,4500,6.53,124.0,261.0,294.0,299.0,272.0,2019
Vivo,X21 128GB,156.0,6.0,12MP,12MP,Qualcomm Snapdragon 660,3200,6.28,142.0,284.0,322.0,349.0,326.0,2018
Vivo,X21 64GB,156.0,4.0,12MP,12MP,Qualcomm Snapdragon 660,3200,6.28,124.0,250.0,266.0,299.0,272.0,2018
Vivo,V23e 128GB,172.0,8.0,50MP,64MP,MediaTek Helio G96,4050,6.44,142.0,239.0,252.0,299.0,299.0,2021
Vivo,V23e 256GB,172.0,8.0,50MP,64MP,MediaTek Helio G96,4050,6.44,160.0,284.0,280.0,349.0,326.0,2021
Vivo,Y33s 128GB,182.0,8.0,16MP,50MP,MediaTek Helio G80,5000,6.58,124.0,204.0,238.0,239.0,244.0,2021
Vivo,Y33s 64GB,182.0,4.0,16MP,50MP,MediaTek Helio G80,5000,6.58,106.0,170.0,182.0,179.0,217.0,2021
Vivo,X60 Pro 256GB,190.0,12.0,32MP,48MP,Qualcomm Snapdragon 870,4200,6.56,391.0,512.0,561.0,899.0,544.0,2021
Vivo,X60 Pro 512GB,190.0,12.0,32MP,48MP,Qualcomm Snapdragon 870,4200,6.56,427.0,569.0,589.0,999.0,571.0,2021
Vivo,V20 Pro 128GB,173.0,8.0,44MP,64MP,Qualcomm Snapdragon 765G,4000,6.44,177.0,296.0,379.0,499.0,408.0,2020
Vivo,V20 Pro 256GB,173.0,8.0,44MP,64MP,Qualcomm Snapdragon 765G,4000,6.44,195.0,341.0,421.0,549.0,462.0,2020
Vivo,Y75 5G 128GB,179.0,8.0,16MP,50MP,MediaTek Dimensity 700,5000,6.58,195.0,250.0,308.0,349.0,353.0,2021
Vivo,Y75 5G 256GB,179.0,8.0,16MP,50MP,MediaTek Dimensity 700,5000,6.58,213.0,296.0,350.0,399.0,408.0,2021
Vivo,Y53s 128GB,190.0,6.0,16MP,64MP,MediaTek Helio G80,5000,6.58,124.0,193.0,238.0,229.0,244.0,2021
Vivo,Y53s 64GB,190.0,6.0,16MP,64MP,MediaTek Helio G80,5000,6.58,106.0,159.0,182.0,179.0,217.0,2021
Vivo,V15 Pro 128GB,185.0,6.0,32MP,48MP,Qualcomm Snapdragon 675,3700,6.39,160.0,296.0,350.0,399.0,408.0,2019
Vivo,V15 Pro 256GB,185.0,6.0,32MP,48MP,Qualcomm Snapdragon 675,3700,6.39,177.0,341.0,393.0,449.0,462.0,2019
Vivo,X70 Pro 128GB,185.0,8.0,32MP,50MP,MediaTek Dimensity 1200,4450,6.56,355.0,455.0,603.0,749.0,571.0,2021
Vivo,X70 Pro 256GB,185.0,8.0,32MP,50MP,MediaTek Dimensity 1200,4450,6.56,391.0,512.0,659.0,799.0,626.0,2021
Vivo,T1 5G 128GB,181.0,6.0,16MP,50MP,Qualcomm Snapdragon 695,5000,6.58,142.0,204.0,252.0,269.0,272.0,2022
Vivo,T1 5G 256GB,181.0,8.0,16MP,50MP,Qualcomm Snapdragon 695,5000,6.58,160.0,250.0,280.0,319.0,299.0,2022
Vivo,X30 Pro 128GB,199.0,8.0,32MP,64MP,Qualcomm Snapdragon 855,4200,6.44,391.0,546.0,645.0,899.0,626.0,2019
Vivo,X30 Pro 256GB,199.0,8.0,32MP,64MP,Qualcomm Snapdragon 855,4200,6.44,427.0,626.0,730.0,949.0,680.0,2019
Vivo,V27 128GB,182.0,8.0,50MP,50MP,MediaTek Dimensity 8200,4600,6.78,284.0,341.0,421.0,599.0,462.0,2023
Vivo,V27 256GB,182.0,8.0,50MP,50MP,MediaTek Dimensity 8200,4600,6.78,302.0,375.0,449.0,649.0,517.0,2023
Vivo,V27 Pro 128GB,182.0,8.0,50MP,50MP,MediaTek Dimensity 8200,4600,6.78,320.0,398.0,463.0,699.0,517.0,2023
Vivo,V27 Pro 256GB,182.0,8.0,50MP,50MP,MediaTek Dimensity 8200,4600,6.78,338.0,432.0,491.0,749.0,571.0,2023
Vivo,V25 Pro 128GB,190.0,8.0,32MP,64MP,MediaTek Dimensity 1300,4830,6.56,284.0,296.0,393.0,599.0,435.0,2022
Vivo,V25 Pro 256GB,190.0,8.0,32MP,64MP,MediaTek Dimensity 1300,4830,6.56,306.0,341.0,421.0,649.0,490.0,2022
Vivo,X90 Pro 256GB,221.0,12.0,32MP,50MP,MediaTek Dimensity 9200,4870,6.78,711.0,797.0,983.0,1099.0,1089.0,2022
Vivo,X90 Pro 512GB,221.0,12.0,32MP,50MP,MediaTek Dimensity 9200,4870,6.78,818.0,910.0,1053.0,1199.0,1225.0,2022
Vivo,Y100 128GB,190.0,8.0,16MP,64MP,MediaTek Dimensity 900,4500,6.44,213.0,227.0,280.0,399.0,326.0,2023
Vivo,Y100 256GB,190.0,8.0,16MP,64MP,MediaTek Dimensity 900,4500,6.44,231.0,261.0,308.0,449.0,381.0,2023
Vivo,T2 Series 128GB,190.0,8.0,16MP,64MP,Qualcomm Snapdragon 695,4500,6.44,177.0,182.0,238.0,299.0,272.0,2023
Vivo,T2 Series 256GB,190.0,8.0,16MP,64MP,Qualcomm Snapdragon 695,4500,6.44,195.0,216.0,252.0,349.0,299.0,2023
Vivo,V23 5G 128GB,179.0,8.0,50MP,64MP,MediaTek Dimensity 920,4200,6.44,249.0,318.0,393.0,499.0,408.0,2022
Vivo,V23 5G 256GB,179.0,8.0,50MP,64MP,MediaTek Dimensity 920,4200,6.44,266.0,375.0,449.0,549.0,462.0,2022
Vivo,X80 256GB,206.0,12.0,32MP,50MP,MediaTek Dimensity 9000,4700,6.78,640.0,683.0,842.0,899.0,953.0,2022
Vivo,X80 512GB,206.0,12.0,32MP,50MP,MediaTek Dimensity 9000,4700,6.78,711.0,797.0,912.0,999.0,1089.0,2022
Vivo,Y21 128GB,182.0,4.0,8MP,13MP,MediaTek Helio P35,5000,6.51,106.0,148.0,182.0,199.0,190.0,2021
Vivo,Y21 64GB,182.0,4.0,8MP,13MP,MediaTek Helio P35,5000,6.51,96.0,113.0,154.0,179.0,163.0,2021
Vivo,Pad 128GB,498.0,6.0,8MP,13MP,Snapdragon 870,8040,11.0,231.0,398.0,350.0,329.0,326.0,2022
Vivo,Pad 2 256GB,535.0,8.0,8MP,50MP,MediaTek Dimensity 1200,8040,11.0,266.0,455.0,449.0,399.0,381.0,2023
Vivo,Pad Air 128GB,510.0,6.0,8MP,13MP,Snapdragon 870,8040,10.4,209.0,364.0,308.0,279.0,272.0,2023
Vivo,Pad 3 128GB,500.0,6.0,8MP,13MP,Snapdragon 750G,8040,11.0,224.0,398.0,336.0,349.0,326.0,2023
Vivo,Pad 3 Pro 256GB,550.0,8.0,8MP,50MP,Snapdragon 888,8040,12.3,302.0,523.0,505.0,449.0,435.0,2023
Vivo,Pad 4 Pro 256GB,560.0,8.0,8MP,50MP,MediaTek Dimensity 9000,8040,12.9,338.0,569.0,603.0,499.0,490.0,2024
Iqoo,Pad 128GB,520.0,6.0,8MP,13MP,Snapdragon 870,8040,11.0,249.0,432.0,379.0,349.0,353.0,2023
Iqoo,Pad 2 256GB,540.0,8.0,8MP,50MP,Snapdragon 888,8040,12.3,284.0,501.0,491.0,399.0,408.0,2024
Iqoo,Pad 2 Pro 256GB,555.0,8.0,8MP,50MP,Snapdragon 8 Gen 1,8040,12.3,320.0,569.0,547.0,449.0,462.0,2024
Oppo,Find N3 512GB,239.0,12.0,32MP,48MP + 64MP + 48MP,Snapdragon 8 Gen 2,4805,7.82,1067.0,1821.0,1404.0,1399.0,1416.0,2023
Oppo,Find N3 Flip 256GB,198.0,12.0,32MP,50MP + 32MP + 48MP,MediaTek Dimensity 9200,4300,6.8,711.0,1252.0,983.0,999.0,1007.0,2023
Oppo,Find X8 Pro 256GB,210.0,12.0,32MP,50MP + 50MP + 50MP,Snapdragon 8 Gen 2,5000,6.8,889.0,1594.0,1263.0,1299.0,1307.0,2024
Oppo,Find X8 256GB,195.0,8.0,32MP,50MP + 50MP,Snapdragon 8 Gen 2,4800,6.7,711.0,1366.0,1053.0,1099.0,1116.0,2024
Oppo,Reno13 F 4G 256GB,192.0,8.0,32MP,50MP + 8MP + 2MP,MediaTek Helio G100,5800,6.67,284.0,512.0,491.0,499.0,517.0,2025
Oppo,Reno13 F 256GB,192.0,8.0,32MP,50MP + 8MP + 2MP,MediaTek Helio G100,5800,6.67,284.0,512.0,491.0,499.0,517.0,2025
Oppo,Reno13 Pro 512GB,210.0,12.0,50MP,50MP + 50MP + 8MP,MediaTek Dimensity 8350,5800,6.83,462.0,797.0,842.0,799.0,817.0,2025
Oppo,Reno13 256GB,200.0,12.0,50MP,50MP + 8MP,MediaTek Dimensity 8350,5600,6.59,355.0,626.0,702.0,699.0,708.0,2025
Oppo,Reno12 F 4G 256GB,187.0,8.0,32MP,50MP + 8MP + 2MP,Snapdragon 685,5000,6.7,249.0,455.0,449.0,449.0,462.0,2024
Oppo,Reno12 F 256GB,187.0,8.0,32MP,50MP + 8MP + 2MP,Snapdragon 685,5000,6.7,249.0,455.0,449.0,449.0,462.0,2024
Oppo,Reno12 Pro 512GB,190.0,12.0,32MP,50MP + 32MP + 8MP,MediaTek Dimensity 8200,4600,6.74,427.0,740.0,772.0,749.0,762.0,2024
Oppo,Reno12 256GB,185.0,8.0,32MP,50MP + 8MP,MediaTek Dimensity 7050,5000,6.7,320.0,569.0,561.0,599.0,599.0,2024
Oppo,Reno11 F 256GB,185.0,8.0,32MP,64MP + 8MP + 2MP,MediaTek Dimensity 7050,5000,6.7,284.0,512.0,491.0,499.0,517.0,2024
Oppo,Reno11 Pro 512GB,190.0,12.0,32MP,50MP + 32MP + 8MP,MediaTek Dimensity 8200,4600,6.74,391.0,683.0,702.0,699.0,708.0,2024
Oppo,A5 Pro 256GB,180.0,8.0,16MP,50MP + 2MP,Dimensity 7300,6000,6.7,320.0,569.0,561.0,599.0,599.0,2024
Oppo,A5 Pro 512GB,186.0,12.0,16MP,50MP + 2MP,Dimensity 7300,6000,6.7,355.0,626.0,631.0,699.0,680.0,2024
Oppo,A80 256GB,186.0,8.0,8MP,50MP + 2MP,Dimensity 6300,5100,6.67,284.0,512.0,491.0,499.0,517.0,2024
Oppo,A3 4G 128GB,186.0,4.0,5MP,50MP,Snapdragon 6s 4G Gen 1,5000,6.7,213.0,398.0,421.0,399.0,408.0,2024
Oppo,A3x 4G 128GB,186.0,4.0,8MP,8MP + 2MP,Snapdragon 6s 4G Gen 1,5100,6.67,231.0,421.0,449.0,449.0,462.0,2024
Oppo,A3x 4G 256GB,186.0,6.0,8MP,8MP + 2MP,Snapdragon 6s 4G Gen 1,5100,6.67,249.0,455.0,491.0,499.0,517.0,2024
Oppo,A3x 128GB,186.0,4.0,8MP,8MP + 2MP,Snapdragon 6s 4G Gen 1,5100,6.67,231.0,421.0,449.0,449.0,462.0,2024
Oppo,A3x 256GB,186.0,6.0,8MP,8MP + 2MP,Snapdragon 6s 4G Gen 1,5100,6.67,249.0,455.0,491.0,499.0,517.0,2024
Oppo,A60 128GB,186.0,8.0,8MP,50MP + 2MP,Snapdragon 680 4G,5000,6.67,249.0,455.0,449.0,449.0,462.0,2024
Oppo,A60 256GB,186.0,8.0,8MP,50MP + 2MP,Snapdragon 680 4G,5000,6.67,266.0,489.0,491.0,499.0,517.0,2024
Oppo,K12 Plus 256GB,192.0,8.0,16MP,50MP,Snapdragon 7 Gen 3,6400,6.7,391.0,683.0,702.0,699.0,708.0,2024
Oppo,K12 Plus 512GB,192.0,12.0,16MP,50MP,Snapdragon 7 Gen 3,6400,6.7,427.0,740.0,772.0,799.0,817.0,2024
Oppo,F27 128GB,175.0,8.0,32MP,64MP + 2MP,Dimensity 7050,5000,6.7,284.0,512.0,491.0,499.0,517.0,2024
Oppo,F27 256GB,175.0,8.0,32MP,64MP + 2MP,Dimensity 7050,5000,6.7,302.0,546.0,533.0,549.0,571.0,2024
Oppo,F27 Pro+ 256GB,177.0,8.0,32MP,64MP + 2MP,Dimensity 7050,5000,6.7,320.0,569.0,561.0,599.0,599.0,2024
Oppo,F27 Pro+ 512GB,177.0,12.0,32MP,64MP + 2MP,Dimensity 7050,5000,6.7,355.0,626.0,631.0,699.0,680.0,2024
Oppo,F25 Pro 128GB,173.0,8.0,32MP,64MP + 2MP,Snapdragon 778G,4500,6.55,266.0,489.0,491.0,549.0,544.0,2023
Oppo,F25 Pro 256GB,173.0,8.0,32MP,64MP + 2MP,Snapdragon 778G,4500,6.55,284.0,512.0,533.0,599.0,599.0,2023
Oppo,Pad 3 128GB,533.0,8.0,8MP,13MP,Dimensity 8350,9510,11.6,355.0,626.0,631.0,699.0,680.0,2024
Oppo,Pad 3 256GB,533.0,12.0,8MP,13MP,Dimensity 8350,9510,11.6,391.0,683.0,702.0,799.0,762.0,2024
Oppo,Pad 3 Pro 256GB,586.0,12.0,8MP,13MP,Snapdragon 8 Gen 3,9510,12.1,427.0,740.0,772.0,899.0,898.0,2024
Oppo,Pad 3 Pro 512GB,586.0,16.0,8MP,13MP,Snapdragon 8 Gen 3,9510,12.1,462.0,797.0,842.0,999.0,1007.0,2024
Oppo,Pad Neo 128GB,520.0,6.0,8MP,13MP,Snapdragon 870,8360,11.0,284.0,512.0,491.0,499.0,517.0,2023
Oppo,Pad Neo 256GB,520.0,8.0,8MP,13MP,Snapdragon 870,8360,11.0,320.0,569.0,561.0,599.0,599.0,2023
Oppo,Find X7 Ultra 256GB,221.0,12.0,32MP,50MP + 50MP + 50MP,Snapdragon 8 Gen 3,5000,6.82,711.0,1252.0,1123.0,1199.0,1198.0,2024
Oppo,Find X7 Ultra 512GB,221.0,16.0,32MP,50MP + 50MP + 50MP,Snapdragon 8 Gen 3,5000,6.82,782.0,1366.0,1263.0,1299.0,1307.0,2024
Oppo,Find X7 256GB,206.0,12.0,32MP,50MP + 50MP + 64MP,Dimensity 9300,5000,6.78,640.0,1138.0,983.0,1099.0,1089.0,2024
Oppo,Find X7 512GB,206.0,16.0,32MP,50MP + 50MP + 64MP,Dimensity 9300,5000,6.78,711.0,1252.0,1123.0,1199.0,1198.0,2024
Oppo,Find X6 Pro 256GB,218.0,12.0,32MP,50MP + 50MP + 50MP,Snapdragon 8 Gen 2,5000,6.82,604.0,1081.0,912.0,999.0,1007.0,2023
Oppo,Find X6 Pro 512GB,218.0,16.0,32MP,50MP + 50MP + 50MP,Snapdragon 8 Gen 2,5000,6.82,676.0,1195.0,1053.0,1099.0,1116.0,2023
Oppo,Find X6 256GB,207.0,12.0,32MP,50MP + 50MP + 50MP,Dimensity 9200,4800,6.74,533.0,967.0,842.0,899.0,898.0,2023
Oppo,Find X6 512GB,207.0,16.0,32MP,50MP + 50MP + 50MP,Dimensity 9200,4800,6.74,604.0,1081.0,983.0,999.0,1007.0,2023
Oppo,Find X5 Pro 256GB,218.0,12.0,32MP,50MP + 50MP + 13MP,Snapdragon 8 Gen 1,5000,6.7,569.0,1024.0,842.0,899.0,898.0,2022
Oppo,Find X5 Pro 512GB,218.0,16.0,32MP,50MP + 50MP + 13MP,Snapdragon 8 Gen 1,5000,6.7,640.0,1138.0,983.0,999.0,1007.0,2022
Oppo,Find X5 256GB,196.0,8.0,32MP,50MP + 50MP + 13MP,Snapdragon 888,4800,6.55,498.0,910.0,702.0,799.0,817.0,2022
Oppo,Find N2 Flip 256GB,191.0,8.0,32MP,50MP + 8MP,Dimensity 9000+,4300,6.8,533.0,967.0,842.0,899.0,898.0,2023
Oppo,Find N2 Flip 512GB,191.0,12.0,32MP,50MP + 8MP,Dimensity 9000+,4300,6.8,604.0,1081.0,983.0,999.0,1007.0,2023
Oppo,Find N2 256GB,233.0,12.0,32MP,50MP + 48MP + 32MP,Snapdragon 8+ Gen 1,4520,7.1,640.0,1138.0,983.0,1099.0,1089.0,2022
Oppo,Reno10 5G 128GB,180.0,8.0,32MP,64MP + 32MP + 8MP,Dimensity 7050,5000,6.7,462.0,444.0,379.0,499.0,517.0,2023
Oppo,Reno10 5G 256GB,180.0,8.0,32MP,64MP + 32MP + 8MP,Dimensity 7050,5000,6.7,533.0,489.0,421.0,549.0,571.0,2023
Oppo,Reno10 Pro 5G 256GB,186.0,12.0,32MP,50MP + 32MP + 8MP,Snapdragon 778G,4600,6.7,604.0,512.0,491.0,599.0,626.0,2023
Oppo,Reno10 Pro+ 5G 256GB,194.0,16.0,32MP,50MP + 64MP + 8MP,Snapdragon 8+ Gen 1,4700,6.74,711.0,626.0,561.0,699.0,708.0,2023
Oppo,Reno9 5G 128GB,174.0,8.0,32MP,64MP + 2MP,Snapdragon 778G,4500,6.7,391.0,375.0,336.0,449.0,462.0,2022
Oppo,Reno9 5G 256GB,174.0,12.0,32MP,64MP + 2MP,Snapdragon 778G,4500,6.7,462.0,421.0,379.0,499.0,517.0,2022
Oppo,Reno9 Pro 5G 256GB,184.0,16.0,32MP,50MP + 8MP,Dimensity 8100,4500,6.7,569.0,489.0,463.0,599.0,599.0,2022
Oppo,Reno9 Pro+ 5G 256GB,192.0,16.0,32MP,50MP + 8MP + 2MP,Snapdragon 8+ Gen 1,4700,6.7,676.0,603.0,533.0,649.0,680.0,2022
Oppo,Reno8 5G 128GB,179.0,8.0,32MP,50MP + 8MP + 2MP,Dimensity 1300,4500,6.4,320.0,341.0,308.0,399.0,408.0,2022
Oppo,Reno8 5G 256GB,179.0,12.0,32MP,50MP + 8MP + 2MP,Dimensity 1300,4500,6.4,355.0,398.0,350.0,449.0,462.0,2022
Oppo,Reno8 Pro 5G 256GB,183.0,12.0,32MP,50MP + 8MP + 2MP,Dimensity 8100,4500,6.7,462.0,489.0,435.0,549.0,544.0,2022
Oppo,Reno8 Pro+ 5G 256GB,195.0,12.0,32MP,50MP + 8MP + 2MP,Dimensity 8100,4500,6.7,498.0,535.0,477.0,599.0,599.0,2022
Oppo,Reno7 5G 128GB,173.0,8.0,32MP,64MP + 8MP + 2MP,Dimensity 900,4500,6.4,284.0,330.0,280.0,349.0,353.0,2021
Oppo,Reno7 5G 256GB,173.0,12.0,32MP,64MP + 8MP + 2MP,Dimensity 900,4500,6.4,320.0,375.0,308.0,399.0,408.0,2021
Oppo,Reno7 Pro 5G 256GB,180.0,12.0,32MP,50MP + 8MP + 2MP,Dimensity 1200,4500,6.55,391.0,455.0,393.0,499.0,490.0,2021
Oppo,Reno6 5G 128GB,182.0,8.0,32MP,64MP + 8MP + 2MP,Dimensity 900,4300,6.43,284.0,341.0,336.0,349.0,353.0,2021
Oppo,Reno6 5G 256GB,182.0,12.0,32MP,64MP + 8MP + 2MP,Dimensity 900,4300,6.43,320.0,375.0,379.0,399.0,408.0,2021
Oppo,Reno6 Pro 5G 128GB,177.0,8.0,32MP,64MP + 8MP + 2MP + 2MP,Dimensity 1200,4500,6.55,355.0,455.0,421.0,449.0,462.0,2021
Oppo,Reno6 Pro 5G 256GB,177.0,12.0,32MP,64MP + 8MP + 2MP + 2MP,Dimensity 1200,4500,6.55,391.0,512.0,463.0,499.0,517.0,2021
Oppo,Reno6 Pro+ 5G 256GB,188.0,12.0,32MP,50MP + 13MP + 16MP + 2MP,Snapdragon 870,4500,6.55,462.0,569.0,561.0,599.0,599.0,2021
Oppo,Reno5 5G 128GB,180.0,8.0,32MP,64MP + 8MP + 2MP + 2MP,Snapdragon 765G,4300,6.43,249.0,307.0,294.0,299.0,299.0,2020
Oppo,Reno5 5G 256GB,180.0,12.0,32MP,64MP + 8MP + 2MP + 2MP,Snapdragon 765G,4300,6.43,284.0,341.0,336.0,349.0,353.0,2020
Oppo,Reno5 Pro 5G 128GB,173.0,8.0,32MP,64MP + 8MP + 2MP + 2MP,Dimensity 1000+,4350,6.55,320.0,375.0,393.0,399.0,408.0,2020
Oppo,Reno5 Pro 5G 256GB,173.0,12.0,32MP,64MP + 8MP + 2MP + 2MP,Dimensity 1000+,4350,6.55,355.0,421.0,435.0,449.0,462.0,2020
Oppo,Reno5 Pro+ 5G 256GB,184.0,12.0,32MP,50MP + 16MP + 13MP + 2MP,Snapdragon 865,4500,6.55,427.0,512.0,533.0,599.0,571.0,2020
Oppo,Reno4 5G 128GB,183.0,8.0,32MP,48MP + 8MP + 2MP + 2MP,Snapdragon 765G,4000,6.43,213.0,284.0,266.0,299.0,272.0,2020
Oppo,Reno4 5G 256GB,183.0,8.0,32MP,48MP + 8MP + 2MP + 2MP,Snapdragon 765G,4000,6.43,249.0,307.0,308.0,349.0,326.0,2020
Oppo,Reno4 Pro 5G 256GB,172.0,12.0,32MP,48MP + 13MP + 12MP,Snapdragon 765G,4000,6.55,355.0,455.0,463.0,499.0,490.0,2020
Oppo,Reno3 5G 128GB,181.0,8.0,32MP,64MP + 8MP + 2MP + 2MP,Dimensity 1000L,4025,6.4,177.0,261.0,252.0,249.0,244.0,2019
Oppo,Reno3 5G 256GB,181.0,12.0,32MP,64MP + 8MP + 2MP + 2MP,Dimensity 1000L,4025,6.4,213.0,307.0,294.0,299.0,299.0,2019
Oppo,Reno3 Pro 5G 256GB,171.0,12.0,32MP,48MP + 13MP + 8MP + 2MP,Snapdragon 765G,4025,6.5,284.0,398.0,463.0,499.0,490.0,2019
Oppo,A59 5G 128GB,186.0,6.0,8MP,13MP + 2MP,MediaTek Dimensity 6020,5000,6.56,142.0,170.0,238.0,199.0,272.0,2023
Oppo,A59 5G 256GB,186.0,8.0,8MP,13MP + 2MP,MediaTek Dimensity 6020,5000,6.56,160.0,193.0,266.0,229.0,326.0,2023
Oppo,A58 5G 256GB,188.0,8.0,8MP,50MP + 2MP,MediaTek Dimensity 700,5000,6.56,177.0,216.0,238.0,249.0,354.0,2022
Oppo,A57 5G 128GB,186.0,6.0,8MP,13MP + 2MP,MediaTek Dimensity 810,5000,6.56,124.0,182.0,224.0,219.0,299.0,2022
Oppo,A56 5G 128GB,189.0,6.0,8MP,13MP + 2MP,MediaTek Dimensity 700,5000,6.5,117.0,170.0,210.0,199.0,272.0,2021
Oppo,A55 5G 128GB,186.0,6.0,8MP,13MP + 2MP + 2MP,MediaTek Dimensity 700,5000,6.5,106.0,159.0,196.0,189.0,258.0,2021
Oppo,A54 5G 128GB,190.0,6.0,16MP,48MP + 8MP + 2MP + 2MP,Qualcomm Snapdragon 480,5000,6.5,124.0,182.0,224.0,219.0,299.0,2021
Oppo,A53 5G 128GB,175.0,4.0,8MP,16MP + 2MP + 2MP,MediaTek Dimensity 720,4040,6.5,99.0,148.0,182.0,179.0,245.0,2020
Oppo,A52 5G 128GB,184.0,4.0,8MP,12MP + 8MP + 2MP + 2MP,MediaTek Dimensity 720,4000,6.5,92.0,136.0,168.0,169.0,231.0,2020
Oppo,A51 5G 128GB,186.0,4.0,8MP,13MP + 2MP + 2MP,MediaTek Dimensity 700,4000,6.5,85.0,125.0,154.0,149.0,217.0,2020
Oppo,A50 5G 128GB,185.0,4.0,8MP,13MP + 2MP,MediaTek Dimensity 700,4000,6.5,78.0,113.0,140.0,139.0,204.0,2020
Oppo,A49 5G 128GB,185.0,4.0,8MP,13MP + 2MP,MediaTek Dimensity 700,4000,6.5,71.0,102.0,126.0,129.0,190.0,2020
Oppo,A40 128GB,186.0,4.0,5MP,50MP,Qualcomm Snapdragon 6s Gen 1,5100,6.67,142.0,227.0,210.0,199.0,272.0,2024
Oppo,A40 256GB,186.0,6.0,5MP,50MP,Qualcomm Snapdragon 6s Gen 1,5100,6.67,160.0,261.0,252.0,229.0,326.0,2024
Oppo,K7 5G 256GB,180.0,8.0,32MP,48MP + 8MP + 2MP + 2MP,Qualcomm Snapdragon 765G,4025,6.4,195.0,250.0,308.0,299.0,408.0,2020
Oppo,K11 128GB,184.0,8.0,16MP,64MP + 8MP + 2MP,Qualcomm Snapdragon 782G,5000,6.7,249.0,250.0,266.0,259.0,354.0,2023
Oppo,K11 256GB,184.0,12.0,16MP,64MP + 8MP + 2MP,Qualcomm Snapdragon 782G,5000,6.7,266.0,284.0,308.0,299.0,408.0,2023
Oppo,K10 5G 256GB,205.0,12.0,16MP,64MP + 8MP + 2MP,MediaTek Dimensity 8000-Max,5000,6.59,249.0,261.0,294.0,279.0,408.0,2022
Realme,GT 7 Pro 128GB,222.8,12.0,16MP,50MP + 50MP + 8MP,Qualcomm Snapdragon 8 Elite,6500,6.78,498.0,683.0,477.0,470.0,470.0,2024
Realme,GT 7 Pro 256GB,222.8,16.0,16MP,50MP + 50MP + 8MP,Qualcomm Snapdragon 8 Elite,6500,6.78,533.0,751.0,505.0,500.0,501.0,2024
Realme,GT 6 128GB,191.0,8.0,32MP,50MP + 8MP + 50MP,Qualcomm Snapdragon 8s Gen 3,5500,6.78,320.0,432.0,393.0,380.0,381.0,2023
Realme,GT 6 256GB,191.0,12.0,32MP,50MP + 8MP + 50MP,Qualcomm Snapdragon 8s Gen 3,5500,6.78,338.0,455.0,407.0,400.0,397.0,2023
Realme,GT 6 512GB,191.0,16.0,32MP,50MP + 8MP + 50MP,Qualcomm Snapdragon 8s Gen 3,5500,6.78,355.0,478.0,421.0,420.0,414.0,2023
Realme,GT 6T 128GB,191.0,8.0,32MP,50MP + 8MP,Qualcomm Snapdragon 7 Plus Gen 3,5500,6.78,302.0,327.0,379.0,360.0,362.0,2023
Realme,GT 6T 256GB,191.0,8.0,32MP,50MP + 8MP,Qualcomm Snapdragon 7 Plus Gen 3,5500,6.78,320.0,352.0,393.0,380.0,381.0,2023
Realme,14 Pro+ 5G 256GB,184.0,12.0,16MP,50MP + 8MP + 50MP,Qualcomm Snapdragon 7s Gen 3,6000,6.83,338.0,398.0,365.0,340.0,340.0,2025
Realme,14 Pro+ 5G 512GB,184.0,12.0,16MP,50MP + 8MP + 50MP,Qualcomm Snapdragon 7s Gen 3,6000,6.83,355.0,421.0,393.0,360.0,359.0,2025
Realme,14 Pro 5G 128GB,184.0,8.0,16MP,50MP + 8MP,MediaTek Dimensity 7300 Energy,5800,6.7,284.0,341.0,337.0,320.0,313.0,2025
Realme,14 Pro 5G 256GB,184.0,8.0,16MP,50MP + 8MP,MediaTek Dimensity 7300 Energy,5800,6.7,302.0,364.0,351.0,340.0,329.0,2025
Realme,14x 5G 128GB,190.0,6.0,16MP,48MP + 2MP + 2MP,Qualcomm Snapdragon 7s Gen 2,5500,6.6,231.0,284.0,280.0,270.0,264.0,2025
Realme,14x 5G 256GB,190.0,8.0,16MP,48MP + 2MP + 2MP,Qualcomm Snapdragon 7s Gen 2,5500,6.6,249.0,307.0,294.0,290.0,280.0,2025
Realme,13+ 5G 128GB,185.0,8.0,16MP,50MP + 2MP,MediaTek Dimensity 7200,5000,6.5,213.0,261.0,252.0,250.0,245.0,2024
Realme,13+ 5G 256GB,185.0,8.0,16MP,50MP + 2MP,MediaTek Dimensity 7200,5000,6.5,231.0,284.0,266.0,270.0,264.0,2024
Realme,13 5G 128GB,190.0,6.0,16MP,50MP + 2MP,MediaTek Dimensity 6100+,5000,6.6,177.0,216.0,210.0,220.0,217.0,2024
Realme,13 5G 256GB,190.0,8.0,16MP,50MP + 2MP,MediaTek Dimensity 6100+,5000,6.6,195.0,239.0,224.0,240.0,234.0,2024
Realme,13 Pro 5G 128GB,192.0,8.0,16MP,50MP + 8MP + 2MP,Qualcomm Snapdragon 7s Gen 2,5200,6.7,266.0,318.0,308.0,300.0,291.0,2024
Realme,13 Pro 5G 256GB,192.0,12.0,16MP,50MP + 8MP + 2MP,Qualcomm Snapdragon 7s Gen 2,5200,6.7,284.0,341.0,337.0,320.0,310.0,2024
Realme,13 Pro+ 5G 256GB,195.0,12.0,32MP,50MP + 8MP + 50MP,Qualcomm Snapdragon 7+ Gen 2,5500,6.78,338.0,398.0,393.0,360.0,359.0,2024
Realme,13 Pro+ 5G 512GB,195.0,16.0,32MP,50MP + 8MP + 50MP,Qualcomm Snapdragon 7+ Gen 2,5500,6.78,355.0,421.0,421.0,380.0,378.0,2024
Realme,P1 Speed 5G 128GB,185.0,8.0,16MP,64MP + 2MP,MediaTek Dimensity 8100,5100,6.7,195.0,227.0,252.0,250.0,245.0,2024
Realme,P1 Speed 5G 256GB,185.0,12.0,16MP,64MP + 2MP,MediaTek Dimensity 8100,5100,6.7,213.0,250.0,266.0,270.0,261.0,2024
Realme,P2 Pro 5G 256GB,188.0,12.0,32MP,50MP + 8MP + 50MP,Qualcomm Snapdragon 7+ Gen 3,5500,6.78,320.0,375.0,351.0,340.0,329.0,2024
Realme,P2 Pro 5G 512GB,188.0,16.0,32MP,50MP + 8MP + 50MP,Qualcomm Snapdragon 7+ Gen 3,5500,6.78,338.0,398.0,379.0,360.0,348.0,2024
Realme,P1 5G 128GB,184.0,6.0,16MP,50MP + 2MP,MediaTek Dimensity 6100+,5000,6.6,160.0,193.0,196.0,200.0,196.0,2024
Realme,P1 5G 256GB,184.0,8.0,16MP,50MP + 2MP,MediaTek Dimensity 6100+,5000,6.6,177.0,216.0,210.0,220.0,212.0,2024
Realme,P1 Pro 5G 128GB,190.0,8.0,16MP,64MP + 2MP,Qualcomm Snapdragon 7s Gen 1,5200,6.7,213.0,261.0,266.0,270.0,261.0,2024
Realme,P1 Pro 5G 256GB,190.0,12.0,16MP,64MP + 2MP,Qualcomm Snapdragon 7s Gen 1,5200,6.7,231.0,284.0,280.0,290.0,277.0,2024
Realme,Narzo 70 Turbo 5G 128GB,200.0,8.0,16MP,50MP + 2MP,MediaTek Dimensity 810,5000,6.6,195.0,227.0,238.0,240.0,234.0,2024
Realme,Narzo 70 Turbo 5G 256GB,200.0,8.0,16MP,50MP + 2MP,MediaTek Dimensity 810,5000,6.6,213.0,250.0,252.0,260.0,250.0,2024
Realme,Narzo N61 128GB,195.0,6.0,16MP,50MP + 2MP,MediaTek Helio G99,5000,6.5,142.0,170.0,168.0,180.0,179.0,2024
Realme,Narzo N63 128GB,193.0,6.0,16MP,50MP + 2MP,MediaTek Helio G88,5000,6.5,135.0,159.0,154.0,160.0,163.0,2024
Realme,Narzo N65 5G 128GB,198.0,8.0,16MP,50MP + 2MP,MediaTek Dimensity 700,5000,6.6,170.0,204.0,210.0,210.0,212.0,2024
Realme,Narzo 70 5G 128GB,198.0,8.0,16MP,50MP + 2MP,MediaTek Dimensity 810,5200,6.6,188.0,222.0,224.0,230.0,226.0,2024
Realme,C75 128GB,190.0,6.0,8MP,50MP + 2MP,MediaTek Helio G85,5000,6.6,135.0,159.0,154.0,160.0,163.0,2024
Realme,C75 256GB,190.0,8.0,8MP,50MP + 2MP,MediaTek Helio G85,5000,6.6,153.0,182.0,168.0,180.0,179.0,2024
Realme,C61 128GB,189.0,4.0,8MP,50MP + 2MP,Unisoc T612,5000,6.5,117.0,136.0,126.0,130.0,136.0,2024
Realme,C67 128GB,195.0,6.0,8MP,50MP + 2MP,MediaTek Helio G88,5000,6.6,142.0,170.0,168.0,170.0,168.0,2024
Realme,C67 256GB,195.0,8.0,8MP,50MP + 2MP,MediaTek Helio G88,5000,6.6,160.0,193.0,182.0,190.0,185.0,2024
Realme,C65 128GB,192.0,6.0,8MP,50MP + 2MP,Qualcomm Snapdragon 680,5000,6.6,135.0,159.0,154.0,160.0,163.0,2024
Realme,C65 256GB,192.0,8.0,8MP,50MP + 2MP,Qualcomm Snapdragon 680,5000,6.6,153.0,182.0,168.0,180.0,179.0,2024
Realme,C63 128GB,191.0,6.0,8MP,50MP + 2MP,MediaTek Helio G85,5000,6.6,131.0,153.0,147.0,150.0,158.0,2024
Realme,C55 128GB,189.0,6.0,8MP,64MP + 2MP,MediaTek Helio G88,5000,6.72,142.0,170.0,168.0,170.0,168.0,2023
Realme,C55 256GB,189.0,8.0,8MP,64MP + 2MP,MediaTek Helio G88,5000,6.72,160.0,193.0,182.0,190.0,185.0,2023
Realme,Note 60x 128GB,198.0,6.0,16MP,50MP + 2MP,MediaTek Dimensity 6100+,5200,6.6,170.0,204.0,210.0,210.0,212.0,2024
Realme,Note 60 128GB,196.0,6.0,16MP,50MP + 2MP,MediaTek Dimensity 810,5200,6.6,177.0,216.0,224.0,220.0,223.0,2024
Realme,Note 60 256GB,196.0,8.0,16MP,50MP + 2MP,MediaTek Dimensity 810,5200,6.6,195.0,239.0,238.0,240.0,239.0,2024
Realme,Note 50 128GB,195.0,6.0,16MP,50MP + 2MP,MediaTek Helio G99,5000,6.5,153.0,182.0,168.0,170.0,168.0,2024
Realme,GT 7 128GB,199.0,8.0,16MP,50MP + 8MP + 2MP,Qualcomm Snapdragon 8 Gen 2,5200,6.8,444.0,546.0,449.0,440.0,441.0,2024
Realme,GT 7 256GB,199.0,12.0,16MP,50MP + 8MP + 2MP,Qualcomm Snapdragon 8 Gen 2,5200,6.8,498.0,614.0,505.0,500.0,490.0,2024
Realme,Neo 7 128GB,193.0,8.0,16MP,64MP + 8MP + 2MP,MediaTek Dimensity 8200,5000,6.7,284.0,352.0,337.0,330.0,326.0,2024
Realme,Neo 7 256GB,193.0,12.0,16MP,64MP + 8MP + 2MP,MediaTek Dimensity 8200,5000,6.7,338.0,421.0,393.0,380.0,381.0,2024
Realme,P2 Pro 5G 128GB,195.0,8.0,16MP,50MP + 8MP,MediaTek Dimensity 9200,5100,6.7,302.0,375.0,351.0,350.0,340.0,2024
Realme,P2 Pro 5G 256GB,195.0,12.0,16MP,50MP + 8MP,MediaTek Dimensity 9200,5100,6.7,355.0,444.0,407.0,400.0,381.0,2024
Realme,Pad 64GB,440.0,4.0,8MP,8MP,MediaTek Helio G80,7100,10.4,206.0,227.0,196.0,200.0,201.0,2021
Realme,Pad 128GB,440.0,6.0,8MP,8MP,MediaTek Helio G80,7100,10.4,231.0,261.0,224.0,230.0,231.0,2021
Realme,Pad 2 128GB,482.0,6.0,8MP,8MP,MediaTek Helio G99,8360,11.5,266.0,318.0,280.0,280.0,286.0,2023
Realme,Pad 2 256GB,482.0,8.0,8MP,8MP,MediaTek Helio G99,8360,11.5,302.0,364.0,323.0,320.0,326.0,2023
Realme,Pad 2 Lite 64GB,466.0,4.0,8MP,8MP,MediaTek Helio G85,7100,10.4,195.0,216.0,182.0,190.0,190.0,2023
Realme,Pad 2 Lite 128GB,466.0,6.0,8MP,8MP,MediaTek Helio G85,7100,10.4,220.0,239.0,210.0,210.0,209.0,2023
Realme,Pad X 64GB,499.0,4.0,8MP,13MP,Qualcomm Snapdragon 695,8340,11.0,284.0,341.0,308.0,310.0,313.0,2022
Realme,Pad X 128GB,499.0,6.0,8MP,13MP,Qualcomm Snapdragon 695,8340,11.0,320.0,387.0,351.0,350.0,354.0,2022
Realme,Pad Mini 32GB,372.0,3.0,5MP,8MP,Unisoc T616,6400,8.7,160.0,182.0,154.0,160.0,163.0,2022
Realme,Pad Mini 64GB,372.0,4.0,5MP,8MP,Unisoc T616,6400,8.7,177.0,204.0,182.0,180.0,179.0,2022
Realme,Pad Slim 64GB,440.0,4.0,8MP,8MP,MediaTek Helio G80,7100,10.4,202.0,222.0,189.0,200.0,198.0,2022
Realme,Pad Slim 128GB,440.0,6.0,8MP,8MP,MediaTek Helio G80,7100,10.4,224.0,250.0,217.0,220.0,217.0,2022
Realme,TechLife Pad Neo 64GB,465.0,4.0,8MP,8MP,MediaTek Helio G85,7200,10.5,213.0,239.0,196.0,210.0,209.0,2024
Realme,TechLife Pad Neo 128GB,465.0,6.0,8MP,8MP,MediaTek Helio G85,7200,10.5,231.0,261.0,224.0,230.0,231.0,2024
Xiaomi,Xiaomi 15 Pro 256GB,210.0,12.0,32MP,50MP (Main) + 50MP (Ultra-wide) + 50MP (Telephoto),Snapdragon 8 Elite,6100,6.73,711.0,1024.0,744.0,799.0,898.0,2024
Xiaomi,Xiaomi 15 Pro 512GB,210.0,16.0,32MP,50MP (Main) + 50MP (Ultra-wide) + 50MP (Telephoto),Snapdragon 8 Elite,6100,6.73,782.0,1138.0,814.0,899.0,1007.0,2024
Xiaomi,Xiaomi 15 Pro 1TB,210.0,16.0,32MP,50MP (Main) + 50MP (Ultra-wide) + 50MP (Telephoto),Snapdragon 8 Elite,6100,6.73,854.0,1252.0,912.0,999.0,1116.0,2024
Xiaomi,Xiaomi 15 256GB,190.0,12.0,32MP,50MP (Main) + 50MP (Ultra-wide),Snapdragon 8 Elite,5400,6.36,640.0,910.0,603.0,699.0,789.0,2024
Xiaomi,Xiaomi 15 512GB,190.0,16.0,32MP,50MP (Main) + 50MP (Ultra-wide),Snapdragon 8 Elite,5400,6.36,711.0,1024.0,674.0,799.0,898.0,2024
Xiaomi,Xiaomi 14T Pro 256GB,209.0,12.0,32MP,50MP (Main) + 50MP (Ultra-wide) + 50MP (Telephoto),Dimensity 9300+,5000,6.67,604.0,854.0,561.0,634.99,735.0,2024
Xiaomi,Xiaomi 14T Pro 512GB,209.0,12.0,32MP,50MP (Main) + 50MP (Ultra-wide) + 50MP (Telephoto),Dimensity 9300+,5000,6.67,676.0,967.0,603.0,790.77,817.0,2024
Xiaomi,Xiaomi 14T Pro 1TB,209.0,12.0,32MP,50MP (Main) + 50MP (Ultra-wide) + 50MP (Telephoto),Dimensity 9300+,5000,6.67,747.0,1081.0,674.0,899.0,898.0,2024
Xiaomi,Xiaomi 14T 256GB,195.0,12.0,32MP,50MP (Main) + 50MP (Ultra-wide),Dimensity 8300-Ultra,5000,6.67,533.0,797.0,491.0,599.0,680.0,2024
Xiaomi,Xiaomi 14T 512GB,195.0,12.0,32MP,50MP (Main) + 50MP (Ultra-wide),Dimensity 8300-Ultra,5000,6.67,604.0,910.0,533.0,699.0,762.0,2024
Xiaomi,Xiaomi 14 Pro 256GB,206.0,12.0,32MP,50MP (Main) + 50MP (Ultra-wide) + 50MP (Telephoto),Snapdragon 8 Gen 3,5000,6.73,676.0,967.0,674.0,799.0,898.0,2023
Xiaomi,Xiaomi 14 Pro 512GB,206.0,12.0,32MP,50MP (Main) + 50MP (Ultra-wide) + 50MP (Telephoto),Snapdragon 8 Gen 3,5000,6.73,747.0,1081.0,744.0,899.0,1007.0,2023
Xiaomi,Xiaomi 14 256GB,189.0,12.0,32MP,50MP (Main) + 50MP (Ultra-wide),Snapdragon 8 Gen 3,4610,6.36,604.0,854.0,561.0,699.0,789.0,2023
Xiaomi,Xiaomi 14 512GB,189.0,12.0,32MP,50MP (Main) + 50MP (Ultra-wide),Snapdragon 8 Gen 3,4610,6.36,676.0,967.0,631.0,799.0,898.0,2023
Xiaomi,Redmi Note 14 Pro+ 5G 128GB,205.0,8.0,16MP,200MP (Main) + 8MP (Ultra-wide) + 2MP (Macro),Snapdragon 7s Gen 3,5110,6.67,320.0,341.0,350.0,374.9,408.0,2024
Xiaomi,Redmi Note 14 Pro+ 5G 256GB,205.0,12.0,16MP,200MP (Main) + 8MP (Ultra-wide) + 2MP (Macro),Snapdragon 7s Gen 3,5110,6.67,355.0,375.0,393.0,399.0,435.0,2024
Xiaomi,Redmi Note 14 Pro+ 5G 512GB,205.0,16.0,16MP,200MP (Main) + 8MP (Ultra-wide) + 2MP (Macro),Snapdragon 7s Gen 3,5110,6.67,391.0,409.0,435.0,429.0,462.0,2024
Xiaomi,Redmi Note 14 Pro 5G 128GB,195.0,8.0,16MP,108MP (Main) + 8MP (Ultra-wide) + 2MP (Macro),MediaTek Dimensity 7300-Ultra,5500,6.67,284.0,318.0,308.0,349.0,381.0,2024
Xiaomi,Redmi Note 14 Pro 5G 256GB,195.0,12.0,16MP,108MP (Main) + 8MP (Ultra-wide) + 2MP (Macro),MediaTek Dimensity 7300-Ultra,5500,6.67,320.0,352.0,350.0,379.0,408.0,2024
Xiaomi,Redmi Note 14 Pro 4G 128GB,190.0,6.0,16MP,108MP (Main) + 8MP (Ultra-wide) + 2MP (Macro),Qualcomm Snapdragon 732G,5000,6.67,249.0,284.0,280.0,299.0,326.0,2024
Xiaomi,Redmi Note 14 Pro 4G 256GB,190.0,8.0,16MP,108MP (Main) + 8MP (Ultra-wide) + 2MP (Macro),Qualcomm Snapdragon 732G,5000,6.67,284.0,318.0,322.0,329.0,353.0,2024
Xiaomi,Redmi Note 14 5G 128GB,185.0,6.0,16MP,50MP (Main) + 8MP (Ultra-wide) + 2MP (Macro),MediaTek Dimensity 7025-Ultra,5000,6.67,213.0,250.0,252.0,279.0,299.0,2024
Xiaomi,Redmi Note 14 5G 256GB,185.0,8.0,16MP,50MP (Main) + 8MP (Ultra-wide) + 2MP (Macro),MediaTek Dimensity 7025-Ultra,5000,6.67,249.0,284.0,294.0,309.0,326.0,2024
Xiaomi,Redmi Note 14 4G 128GB,180.0,4.0,16MP,50MP (Main) + 8MP (Ultra-wide) + 2MP (Macro),Qualcomm Snapdragon 680,5000,6.67,177.0,216.0,224.0,249.0,272.0,2024
Xiaomi,Redmi Note 14 4G 256GB,180.0,6.0,16MP,50MP (Main) + 8MP (Ultra-wide) + 2MP (Macro),Qualcomm Snapdragon 680,5000,6.67,213.0,250.0,266.0,279.0,299.0,2024
Xiaomi,Redmi 14C 5G 64GB,195.0,4.0,8MP,50MP (Main) + 2MP (Depth),MediaTek Dimensity 700,5000,6.5,142.0,170.0,182.0,199.0,217.0,2024
Xiaomi,Redmi 14C 5G 128GB,195.0,6.0,8MP,50MP (Main) + 2MP (Depth),MediaTek Dimensity 700,5000,6.5,160.0,193.0,210.0,229.0,244.0,2024
Lenovo,Legion Y70 128GB,209.0,8.0,16MP,50MP,Snapdragon 8+ Gen 1,5100,6.67,498.0,569.0,463.0,499.0,517.0,2022
Lenovo,Legion Y70 256GB,209.0,12.0,16MP,50MP,Snapdragon 8+ Gen 1,5100,6.67,569.0,626.0,519.0,549.0,571.0,2022
Lenovo,Legion Y70 512GB,209.0,16.0,16MP,50MP,Snapdragon 8+ Gen 1,5100,6.67,640.0,683.0,589.0,599.0,626.0,2022
Lenovo,K14 Plus 64GB,198.0,4.0,8MP,48MP,Unisoc T700,5000,6.5,106.0,125.0,182.0,199.0,204.0,2022
Lenovo,K14 Plus 128GB,198.0,6.0,8MP,48MP,Unisoc T700,5000,6.5,124.0,148.0,210.0,229.0,231.0,2022
Lenovo,K13 Pro 128GB,200.0,6.0,16MP,64MP,Snapdragon 662,5000,6.8,142.0,170.0,238.0,249.0,258.0,2021
Lenovo,K13 32GB,190.0,2.0,5MP,13MP,Unisoc SC9863A,5000,6.52,71.0,85.0,140.0,149.0,149.0,2021
Lenovo,K13 Note 64GB,200.0,4.0,8MP,48MP,Snapdragon 460,5000,6.5,106.0,136.0,182.0,199.0,204.0,2021
Lenovo,K10 Plus 64GB,172.0,4.0,16MP,13MP,Snapdragon 632,4050,6.22,88.0,125.0,168.0,179.0,190.0,2019
Lenovo,A6 Note 32GB,172.0,3.0,5MP,13MP,Helio P22,4000,6.09,71.0,113.0,140.0,149.0,149.0,2019
Lenovo,K10 Note 64GB,164.0,4.0,16MP,16MP,Snapdragon 710,4050,6.3,106.0,159.0,210.0,219.0,217.0,2019
Lenovo,K10 Note 128GB,164.0,6.0,16MP,16MP,Snapdragon 710,4050,6.3,124.0,182.0,238.0,249.0,244.0,2019
Lenovo,Z6 Pro 128GB,185.0,6.0,32MP,48MP,Snapdragon 855,4000,6.39,249.0,455.0,407.0,429.0,435.0,2019
Lenovo,Z6 Pro 256GB,185.0,8.0,32MP,48MP,Snapdragon 855,4000,6.39,284.0,512.0,463.0,479.0,490.0,2019
Lenovo,Z5 Pro 64GB,210.0,6.0,16MP,16MP,Snapdragon 710,3350,6.39,177.0,243.0,280.0,299.0,299.0,2018
Motorola,Edge 50 Fusion 128GB,168.0,8.0,32MP,50MP,Snapdragon 7 Gen 1,5000,6.7,498.0,341.0,350.0,499.0,517.0,2024
Motorola,Edge 50 Fusion 256GB,168.0,12.0,32MP,50MP,Snapdragon 7 Gen 1,5000,6.7,569.0,398.0,393.0,549.0,571.0,2024
Motorola,Edge 50 Pro 128GB,186.0,8.0,50MP,50MP,Snapdragon 7 Gen 3,4500,6.7,604.0,398.0,421.0,549.0,571.0,2024
Motorola,Edge 50 Pro 256GB,186.0,12.0,50MP,50MP,Snapdragon 7 Gen 3,4500,6.7,676.0,455.0,463.0,599.0,626.0,2024
Motorola,Razr 128GB,192.0,8.0,32MP,50MP,Snapdragon 8+ Gen 1,3500,6.7,711.0,683.0,842.0,999.0,1007.0,2023
Motorola,Razr 256GB,192.0,12.0,32MP,50MP,Snapdragon 8+ Gen 1,3500,6.7,782.0,740.0,912.0,1099.0,1089.0,2023
Motorola,G84 5G 128GB,166.0,8.0,16MP,50MP,Snapdragon 695,5000,6.5,284.0,227.0,252.0,299.0,299.0,2023
Motorola,G84 5G 256GB,166.0,12.0,16MP,50MP,Snapdragon 695,5000,6.5,320.0,261.0,280.0,349.0,353.0,2023
Motorola,Moto G Stylus 64GB,195.0,4.0,16MP,50MP,MediaTek Helio G88,5000,6.8,177.0,250.0,210.0,199.0,217.0,2023
Motorola,Moto G Stylus 128GB,195.0,6.0,16MP,50MP,MediaTek Helio G88,5000,6.8,195.0,284.0,238.0,249.0,244.0,2023
Motorola,One Vision 3 128GB,180.0,6.0,25MP,48MP,Exynos 9609,3500,6.3,142.0,227.0,196.0,299.0,299.0,2024
Motorola,One Vision 3 256GB,180.0,8.0,25MP,48MP,Exynos 9609,3500,6.3,160.0,261.0,224.0,349.0,353.0,2024
Motorola,Edge 50 Lite 128GB,170.0,6.0,32MP,64MP,Snapdragon 695,5000,6.7,213.0,318.0,308.0,399.0,408.0,2024
Motorola,Edge 50 Lite 256GB,170.0,8.0,32MP,64MP,Snapdragon 695,5000,6.7,231.0,341.0,336.0,449.0,462.0,2024
Motorola,Moto E40 Plus 64GB,198.0,4.0,8MP,48MP,Unisoc T700,5000,6.5,106.0,136.0,182.0,199.0,204.0,2023
Motorola,Moto E40 Plus 128GB,198.0,6.0,8MP,48MP,Unisoc T700,5000,6.5,124.0,159.0,210.0,229.0,231.0,2023
Motorola,Moto G Power 64GB,206.0,4.0,16MP,50MP,Snapdragon 662,5000,6.6,142.0,204.0,224.0,249.0,258.0,2022
Motorola,Moto G Power 128GB,206.0,6.0,16MP,50MP,Snapdragon 662,5000,6.6,160.0,227.0,252.0,279.0,285.0,2022
Motorola,Moto G Play 32GB,203.0,3.0,5MP,13MP,MediaTek Helio G25,5000,6.5,88.0,113.0,140.0,149.0,149.0,2022
Motorola,Moto G Play 64GB,203.0,4.0,5MP,13MP,MediaTek Helio G25,5000,6.5,106.0,136.0,168.0,179.0,176.0,2022
Motorola,Moto G75 5G 128GB,205.0,8.0,16MP,50MP,Snapdragon 6 Gen 3,5000,6.78,320.0,398.0,379.0,320.0,320.0,2024
Motorola,Moto G75 5G 256GB,205.0,8.0,16MP,50MP,Snapdragon 6 Gen 3,5000,6.78,355.0,455.0,421.0,370.0,367.0,2024
Motorola,Moto S50 128GB,190.0,8.0,32MP,64MP,MediaTek Dimensity 8100,4500,6.7,284.0,341.0,350.0,300.0,299.0,2024
Motorola,Moto S50 256GB,190.0,12.0,32MP,64MP,MediaTek Dimensity 8100,4500,6.7,320.0,398.0,393.0,350.0,347.0,2024
Motorola,Edge 50 Neo 256GB,171.0,8.0,32MP,50MP,MediaTek Dimensity 7300,4310,6.4,355.0,455.0,421.0,400.0,408.0,2024
Motorola,Edge 50 Neo 512GB,171.0,12.0,32MP,50MP,MediaTek Dimensity 7300,4310,6.4,391.0,512.0,463.0,450.0,456.0,2024
Motorola,Moto G55 128GB,182.0,8.0,16MP,50MP,MediaTek Dimensity 7025,5000,6.49,249.0,307.0,308.0,270.0,272.0,2024
Motorola,Moto G55 256GB,182.0,8.0,16MP,50MP,MediaTek Dimensity 7025,5000,6.49,284.0,341.0,350.0,320.0,320.0,2024
Motorola,Moto G35 128GB,188.0,4.0,16MP,50MP,Unisoc T760,5000,6.72,177.0,216.0,224.0,200.0,204.0,2024
Motorola,Moto G35 256GB,188.0,8.0,16MP,50MP,Unisoc T760,5000,6.72,213.0,261.0,266.0,250.0,252.0,2024
Motorola,Moto G45 128GB,183.0,6.0,16MP,50MP,Snapdragon 6s Gen 3,5000,6.5,213.0,261.0,266.0,250.0,252.0,2024
Motorola,Moto G45 256GB,183.0,8.0,16MP,50MP,Snapdragon 6s Gen 3,5000,6.5,249.0,307.0,308.0,300.0,299.0,2024
Motorola,Edge 50 256GB,180.0,8.0,32MP,50MP,Snapdragon 7s Gen 2,4700,6.7,391.0,512.0,463.0,450.0,456.0,2024
Motorola,Edge 50 512GB,180.0,12.0,32MP,50MP,Snapdragon 7s Gen 2,4700,6.7,427.0,569.0,505.0,500.0,504.0,2024
Motorola,Razr 50 Ultra 512GB,189.0,12.0,32MP,50MP,Snapdragon 8+ Gen 1,4000,6.9,889.0,1138.0,1123.0,1199.0,1198.0,2024
Motorola,Razr 50 256GB,188.0,8.0,32MP,50MP,Snapdragon 7 Gen 1,3800,6.7,711.0,910.0,842.0,999.0,1007.0,2024
Motorola,Moto G85 128GB,173.0,8.0,32MP,50MP,Snapdragon 6s Gen 3,5000,6.67,284.0,341.0,350.0,320.0,320.0,2024
Motorola,Moto G85 256GB,173.0,12.0,32MP,50MP,Snapdragon 6s Gen 3,5000,6.67,320.0,398.0,393.0,370.0,367.0,2024
Motorola,S50 Neo 256GB,170.0,8.0,32MP,50MP,MediaTek Dimensity 7200,4300,6.5,249.0,307.0,308.0,300.0,299.0,2024
Motorola,S50 Neo 512GB,170.0,12.0,32MP,50MP,MediaTek Dimensity 7200,4300,6.5,284.0,341.0,350.0,350.0,347.0,2024
Motorola,Moto E14 64GB,180.0,4.0,8MP,13MP,Unisoc T606,5000,6.5,106.0,136.0,140.0,150.0,149.0,2024
Motorola,Moto E14 128GB,180.0,4.0,8MP,13MP,Unisoc T606,5000,6.5,124.0,159.0,168.0,180.0,177.0,2024
Motorola,Edge 256GB,174.0,8.0,32MP,50MP,Snapdragon 7s Gen 2,4700,6.7,391.0,512.0,463.0,450.0,456.0,2024
Motorola,Edge 512GB,174.0,12.0,32MP,50MP,Snapdragon 7s Gen 2,4700,6.7,427.0,569.0,505.0,500.0,504.0,2024
Motorola,Moto X50 Ultra 512GB,198.0,12.0,60MP,200MP,Snapdragon 8 Gen 3,5000,6.9,1067.0,1366.0,1263.0,1499.0,1498.0,2024
Motorola,Moto G Stylus 5G 256GB,195.0,6.0,16MP,50MP,Snapdragon 6 Gen 1,5000,6.8,249.0,307.0,308.0,300.0,299.0,2024
Motorola,Moto G Stylus 5G 512GB,195.0,8.0,16MP,50MP,Snapdragon 6 Gen 1,5000,6.8,284.0,341.0,350.0,350.0,347.0,2024
Motorola,Edge 50 Ultra 512GB,198.0,12.0,60MP,200MP,Snapdragon 8 Gen 3,5000,6.9,1067.0,1366.0,1263.0,1499.0,1498.0,2024
Motorola,Edge 30 Fusion 128GB,168.0,8.0,32MP,50MP,Snapdragon 888+ 5G,4400,6.55,427.0,569.0,561.0,699.0,708.0,2022
Motorola,Edge 30 Fusion 256GB,168.0,12.0,32MP,50MP,Snapdragon 888+ 5G,4400,6.55,462.0,626.0,603.0,749.0,762.0,2022
Motorola,Edge 30 Neo 128GB,155.0,6.0,32MP,64MP,Snapdragon 695 5G,4020,6.28,320.0,398.0,350.0,499.0,490.0,2022
Motorola,Edge 30 Neo 256GB,155.0,8.0,32MP,64MP,Snapdragon 695 5G,4020,6.28,355.0,455.0,393.0,549.0,544.0,2022
Motorola,Moto G82 5G 128GB,173.0,6.0,16MP,50MP,Snapdragon 695 5G,5000,6.6,231.0,284.0,280.0,399.0,408.0,2022
Motorola,Moto G82 5G 256GB,173.0,8.0,16MP,50MP,Snapdragon 695 5G,5000,6.6,266.0,341.0,322.0,449.0,462.0,2022
Motorola,Moto G62 5G 128GB,184.0,4.0,16MP,50MP,Snapdragon 480+ 5G,5000,6.5,195.0,227.0,224.0,349.0,353.0,2022
Motorola,Moto G62 5G 256GB,184.0,6.0,16MP,50MP,Snapdragon 480+ 5G,5000,6.5,231.0,284.0,266.0,399.0,408.0,2022
Motorola,Moto G42 128GB,175.0,4.0,16MP,50MP,Snapdragon 680 4G,5000,6.4,160.0,193.0,196.0,299.0,299.0,2022
Motorola,Moto G32 128GB,184.0,4.0,16MP,50MP,Snapdragon 680 4G,5000,6.5,142.0,170.0,182.0,279.0,272.0,2022
Motorola,Moto E32s 64GB,185.0,3.0,8MP,16MP,MediaTek Helio G37,5000,6.5,106.0,136.0,140.0,199.0,204.0,2022
Motorola,Moto E22i 32GB,169.0,2.0,5MP,16MP,MediaTek Helio G37,4020,6.5,88.0,113.0,126.0,179.0,190.0,2022
Motorola,Moto E22 64GB,169.0,4.0,5MP,16MP,MediaTek Helio G37,4020,6.5,99.0,125.0,140.0,199.0,204.0,2022
Motorola,Moto G22 64GB,185.0,4.0,16MP,50MP,MediaTek Helio G37,5000,6.5,124.0,148.0,168.0,249.0,244.0,2022
Huawei,P50,181.0,8.0,13MP,50MP,Snapdragon 888 4G,4100,6.5,462.0,683.0,630.0,699.0,708.0,2021
Huawei,P50 Pro,195.0,8.0,13MP,50MP,Snapdragon 888 4G,4360,6.6,533.0,910.0,841.0,899.0,898.0,2021
Huawei,P50 Pocket,190.0,8.0,10.7MP,40MP,Snapdragon 888 4G,4000,6.9,711.0,1480.0,1262.0,1299.0,1307.0,2021
Huawei,Mate 40E,188.0,8.0,13MP,64MP,Kirin 990E 5G,4200,6.5,498.0,797.0,645.0,799.0,817.0,2021
Huawei,Mate X2,295.0,8.0,16MP,50MP,Kirin 9000 5G,4500,8.0,1245.0,2846.0,2527.0,2699.0,2724.0,2021
Huawei,Nova 9,175.0,8.0,32MP,50MP,Snapdragon 778G 4G,4300,6.57,320.0,432.0,379.0,499.0,517.0,2021
Huawei,Nova 9 Pro,186.0,8.0,Dual 32MP,50MP,Snapdragon 778G 4G,4000,6.72,391.0,512.0,491.0,599.0,599.0,2021
Huawei,P50E,181.0,8.0,13MP,50MP,Snapdragon 778G 4G,4100,6.5,427.0,626.0,574.0,649.0,653.0,2022
Huawei,Mate Xs 2,255.0,8.0,10.7MP,50MP,Snapdragon 888 4G,4600,7.8,1067.0,2277.0,2106.0,2499.0,2452.0,2022
Huawei,Mate 50,202.0,8.0,13MP,50MP,Snapdragon 8+ Gen 1 4G,4460,6.7,604.0,967.0,884.0,999.0,1007.0,2022
Huawei,Mate 50 Pro,205.0,8.0,13MP,50MP,Snapdragon 8+ Gen 1 4G,4700,6.74,676.0,1138.0,1025.0,1199.0,1198.0,2022
Huawei,Nova 10,168.0,8.0,60MP,50MP,Snapdragon 778G 4G,4000,6.67,355.0,455.0,379.0,499.0,517.0,2022
Huawei,Nova 10 Pro,191.0,8.0,Dual 60MP,50MP,Snapdragon 778G 4G,4500,6.78,427.0,569.0,491.0,599.0,599.0,2022
Huawei,Nova 10 SE,184.0,8.0,16MP,108MP,Snapdragon 680 4G,4500,6.67,284.0,398.0,322.0,399.0,408.0,2022
Huawei,P60,197.0,8.0,13MP,48MP (wide) + 13MP (ultrawide) + 48MP (telephoto),Snapdragon 8+ Gen 1 4G,4815,6.67,604.0,967.0,981.0,999.0,1007.0,2023
Huawei,Mate X3,239.0,12.0,8MP,50MP (wide) + 13MP (ultrawide) + 12MP (periscope telephoto),Snapdragon 8+ Gen 1 4G,4800,7.85,1245.0,2846.0,1966.0,2499.0,2724.0,2023
Huawei,Mate 60,209.0,12.0,13MP,50MP (wide) + 12MP (ultrawide) + 12MP (telephoto),Kirin 9000S,4750,6.7,711.0,1252.0,983.0,1099.0,1116.0,2023
Huawei,Mate 60 Pro,225.0,12.0,13MP,50MP (wide) + 40MP (ultrawide) + 48MP (telephoto),Kirin 9000S,5000,6.82,818.0,1480.0,1123.0,1299.0,1280.0,2023
Huawei,Mate 60 Pro+,235.0,12.0,13MP,50MP (wide) + 48MP (ultrawide) + 48MP (telephoto),Kirin 9000S,5200,6.82,889.0,1708.0,1263.0,1499.0,1416.0,2023
Huawei,Nova 11,168.0,8.0,60MP,50MP (wide) + 8MP (ultrawide),Snapdragon 778G 4G,4500,6.7,320.0,512.0,421.0,499.0,517.0,2023
Huawei,Nova 11 Pro,188.0,8.0,60MP (ultrawide) + 8MP (telephoto),50MP (wide) + 8MP (ultrawide),Snapdragon 778G 4G,4500,6.78,391.0,626.0,491.0,599.0,599.0,2023
Huawei,Nova 11 Ultra,188.0,12.0,60MP (ultrawide) + 8MP (telephoto),50MP (wide) + 8MP (ultrawide),Snapdragon 778G 4G,4500,6.78,462.0,740.0,561.0,699.0,680.0,2023
Huawei,Pura 70,220.0,12.0,13MP,50MP + 13MP + 12MP,Kirin 9010,4900,6.8,604.0,967.0,981.0,999.0,1007.0,2024
Huawei,Pura 70 Pro,220.0,12.0,13MP,50MP + 12.5MP + 48MP,Kirin 9010,5050,6.8,676.0,1138.0,1121.0,1099.0,1144.0,2024
Huawei,Pura 70 Pro+,220.0,12.0,13MP,50MP + 12.5MP + 48MP,Kirin 9010,5050,6.8,747.0,1309.0,1262.0,1199.0,1280.0,2024
Huawei,Pura 70 Ultra,226.0,16.0,13MP,50MP + 40MP + 50MP,Kirin 9010,5200,6.8,818.0,1480.0,1402.0,1299.0,1416.0,2024
Huawei,Mate 70,220.0,12.0,13MP,50MP + 12MP,Kirin 9010,4900,6.7,640.0,1024.0,772.0,899.0,926.0,2024
Huawei,Mate 70 Pro,220.0,12.0,13MP,50MP + 12MP + 40MP,Kirin 9010,5000,6.8,711.0,1195.0,912.0,999.0,1062.0,2024
Huawei,Mate 70 Pro+,220.0,12.0,13MP,50MP + 12MP + 40MP,Kirin 9010,5000,6.8,782.0,1366.0,1053.0,1099.0,1198.0,2024
Huawei,Mate X6,241.0,12.0,8MP,50MP + 13MP + 12MP,Kirin 9010,4800,7.93,1245.0,2846.0,1825.0,2499.0,2724.0,2024
Huawei,Nova 12,168.0,8.0,60MP,50MP + 8MP,Kirin 9000S,4500,6.7,320.0,512.0,421.0,499.0,517.0,2024
Huawei,Nova 12 Pro,188.0,8.0,60MP + 8MP,50MP + 8MP,Kirin 9000S,4500,6.78,391.0,626.0,491.0,599.0,599.0,2024
Huawei,Mate XT 256GB,245.0,12.0,13MP,50MP + 12MP + 48MP,Kirin 9010,5000,7.92,1281.0,2960.0,1895.0,2599.0,2860.0,2024
Huawei,Mate XT 512GB,245.0,12.0,13MP,50MP + 12MP + 48MP,Kirin 9010,5000,7.92,1387.0,3131.0,2036.0,2799.0,3024.0,2024
Huawei,Nova 13 256GB,170.0,8.0,50MP,50MP + 8MP,Kirin 9000S,4600,6.7,338.0,546.0,449.0,529.0,544.0,2024
Huawei,Nova 13 512GB,170.0,8.0,50MP,50MP + 8MP,Kirin 9000S,4600,6.7,391.0,626.0,519.0,599.0,626.0,2024
Huawei,Nova 13 Pro 256GB,190.0,8.0,60MP + 8MP,50MP + 8MP,Kirin 9000S,4600,6.78,427.0,683.0,561.0,649.0,653.0,2024
Huawei,Nova 13 Pro 512GB,190.0,8.0,60MP + 8MP,50MP + 8MP,Kirin 9000S,4600,6.78,480.0,774.0,631.0,729.0,735.0,2024
Nokia,G42 5G 128GB,193.0,4.0,8MP,50MP,Snapdragon 480+,5000,6.56,266.0,216.0,210.0,229.0,231.0,2023
Nokia,G20 64GB,197.0,4.0,8MP,48MP,MediaTek G35,5050,6.52,174.0,142.0,140.0,169.0,171.0,2021
Nokia,G20 128GB,197.0,4.0,8MP,48MP,MediaTek G35,5050,6.52,195.0,159.0,168.0,189.0,190.0,2021
Nokia,C32 64GB,199.0,3.0,8MP,50MP,Unisoc SC9863A,5000,6.52,142.0,113.0,126.0,139.0,135.0,2023
Nokia,C32 128GB,199.0,4.0,8MP,50MP,Unisoc SC9863A,5000,6.52,160.0,125.0,140.0,159.0,149.0,2023
Nokia,G21 64GB,190.0,4.0,8MP,50MP,Unisoc T606,5050,6.5,167.0,136.0,154.0,169.0,168.0,2022
Nokia,G21 128GB,190.0,6.0,8MP,50MP,Unisoc T606,5050,6.5,188.0,159.0,182.0,189.0,190.0,2022
Nokia,C22 64GB,190.0,2.0,8MP,13MP,Unisoc SC9863A,5000,6.5,124.0,96.0,112.0,119.0,122.0,2023
Nokia,C22 128GB,190.0,3.0,8MP,13MP,Unisoc SC9863A,5000,6.5,138.0,108.0,126.0,139.0,135.0,2023
Nokia,G400 128GB,198.0,6.0,16MP,48MP,Snapdragon 480,5000,6.58,284.0,261.0,252.0,239.0,244.0,2022
Sony,Xperia 1 IV 256GB,185.0,12.0,12MP,12MP,Snapdragon 8 Gen 1,5000,6.5,1530.0,1366.0,1025.0,1599.0,1580.0,2022
Sony,Xperia 5 IV 128GB,172.0,8.0,12MP,12MP,Snapdragon 8 Gen 1,5000,6.1,1138.0,1024.0,842.0,999.0,1035.0,2022
Sony,Xperia 10 IV 128GB,161.0,6.0,8MP,12MP,Snapdragon 695,5000,6.0,640.0,569.0,463.0,499.0,490.0,2022
Sony,Xperia 1 V 256GB,187.0,12.0,12MP,48MP,Snapdragon 8 Gen 2,5000,6.5,1601.0,1423.0,1123.0,1699.0,1634.0,2023
Sony,Xperia 5 V 128GB,178.0,8.0,12MP,48MP,Snapdragon 8 Gen 2,5000,6.1,1209.0,1081.0,884.0,1099.0,1116.0,2023
Sony,Xperia 10 V 128GB,164.0,6.0,8MP,48MP,Snapdragon 695,5000,6.1,711.0,626.0,519.0,599.0,544.0,2023
Sony,Xperia 1 VI 256GB,190.0,12.0,12MP,48MP,Snapdragon 8 Gen 3,5000,6.5,1672.0,1480.0,1193.0,1799.0,1689.0,2024
Sony,Xperia 5 VI 128GB,180.0,8.0,12MP,48MP,Snapdragon 8 Gen 3,5000,6.1,1245.0,1138.0,926.0,1199.0,1198.0,2024
Sony,Xperia 10 VI 128GB,167.0,6.0,8MP,48MP,Snapdragon 7 Gen 1,5000,6.1,747.0,683.0,561.0,699.0,599.0,2024
Nokia,T21,466.0,4.0,8MP,8MP,Unisoc T612,8200,10.4,185.0,204.0,175.0,39622.0,237.0,2022
Huawei,MatePad Pro 12.2 512GB,508.0,12.0,16MP,"13MP (f/1.8, AF)",Kirin 9000S,10100,12.2,574.0,569.0,674.0,999.0,599.0,2024
Huawei,MatePad Pro 13.2 512GB,580.0,12.0,16MP,"13MP (f/1.8, AF)",Kirin 9000S,10100,13.2,701.0,667.0,730.0,877.0,599.0,2024
Google,Pixel 3a 64GB,147.0,4.0,8MP,12.2MP,Snapdragon 670,3000,5.6,249.0,455.0,407.0,399.0,435.0,2019
Google,Pixel 3a XL 64GB,167.0,4.0,8MP,12.2MP,Snapdragon 670,3700,6.0,284.0,512.0,463.0,479.0,490.0,2019
Google,Pixel 4 64GB,162.0,6.0,8MP,12.2MP,Snapdragon 855,2800,5.7,427.0,683.0,674.0,799.0,871.0,2019
Google,Pixel 4 XL 64GB,193.0,6.0,8MP,12.2MP,Snapdragon 855,3700,6.3,498.0,797.0,772.0,899.0,980.0,2019
Google,Pixel 4a 128GB,143.0,6.0,8MP,12.2MP,Snapdragon 730G,3140,5.8,320.0,364.0,421.0,349.0,381.0,2020
Google,Pixel 4a 5G 128GB,168.0,6.0,8MP,12.2MP,Snapdragon 765G,3885,6.2,391.0,432.0,533.0,499.0,544.0,2020
Google,Pixel 5 128GB,151.0,8.0,8MP,12.2MP,Snapdragon 765G,4080,6.0,498.0,569.0,645.0,699.0,762.0,2020
Google,Pixel 5a 128GB,183.0,6.0,8MP,12.2MP,Snapdragon 765G,4680,6.34,391.0,489.0,561.0,449.0,490.0,2021
Google,Pixel 6 128GB,207.0,8.0,8MP,50MP,Google Tensor,4614,6.4,569.0,683.0,842.0,699.0,817.0,2021
Google,Pixel 6 Pro 256GB,210.0,12.0,11.1MP,50MP,Google Tensor,5003,6.71,711.0,910.0,1011.0,899.0,953.0,2021
Google,Pixel 6a 128GB,178.0,6.0,8MP,12.2MP,Google Tensor,4410,6.1,462.0,501.0,603.0,449.0,544.0,2022
Google,Pixel 7 128GB,197.0,8.0,10.8MP,50MP,Google Tensor G2,4355,6.3,604.0,740.0,870.0,599.0,653.0,2022
Google,Pixel 7 Pro 256GB,212.0,12.0,10.8MP,50MP,Google Tensor G2,5000,6.7,818.0,1024.0,1123.0,899.0,980.0,2022
Google,Pixel 7a 128GB,193.0,8.0,10.8MP,64MP,Google Tensor G2,4385,6.1,498.0,512.0,645.0,499.0,599.0,2023
Google,Pixel 8 128GB,187.0,8.0,10.5MP,50MP,Google Tensor G3,4575,6.2,640.0,797.0,898.0,699.0,762.0,2023
Google,Pixel 8 Pro 256GB,213.0,12.0,10.5MP,50MP,Google Tensor G3,5050,6.7,889.0,1138.0,1193.0,999.0,1089.0,2023
Google,Pixel 8a 128GB,194.0,8.0,10.5MP,64MP,Google Tensor G3,4385,6.1,533.0,569.0,702.0,549.0,653.0,2024
Google,Pixel 9 128GB,195.0,8.0,10.8MP,50MP,Google Tensor G4,4600,6.3,676.0,854.0,926.0,799.0,871.0,2024
Google,Pixel 9 Pro 256GB,216.0,12.0,10.8MP,50MP,Google Tensor G4,5050,6.7,925.0,1252.0,1235.0,1099.0,1144.0,2024
Google,Pixel 9 Pro XL 512GB,222.0,16.0,10.8MP,50MP,Google Tensor G4,5250,6.8,1067.0,1480.0,1376.0,1299.0,1362.0,2024
Google,Pixel 9 Pro Fold 512GB,250.0,16.0,10.8MP,50MP,Google Tensor G4,5500,7.6,1423.0,2049.0,1966.0,1799.0,1907.0,2024
Tecno,Spark Go 1S 64GB,190.0,4.0,8MP,13MP,MediaTek Helio A22,5000,6.6,99.0,113.0,112.0,129.0,135.0,2024
Tecno,Megapad 11 256GB,450.0,8.0,13MP,50MP,MediaTek G99,8000,11.0,249.0,341.0,350.0,349.0,353.0,2024
Tecno,Pop 9 4G 64GB,195.0,3.0,5MP,8MP,Unisoc SC9863A,5000,6.52,81.0,85.0,84.0,99.0,108.0,2024
Tecno,Megapad 128GB,420.0,6.0,12MP,50MP,MediaTek Helio G80,7500,10.9,213.0,284.0,322.0,299.0,299.0,2024
Tecno,Camon 30S 256GB,198.0,8.0,32MP,50MP,MediaTek Dimensity 810,5200,6.8,320.0,455.0,449.0,499.0,544.0,2024
Tecno,Spark 30C 5G 128GB,200.0,6.0,16MP,50MP,MediaTek Dimensity 6100+,5000,6.6,142.0,170.0,168.0,199.0,204.0,2024
Tecno,Spark 30 5G 128GB,195.0,6.0,16MP,50MP,MediaTek Dimensity 6020,5000,6.6,153.0,193.0,196.0,229.0,231.0,2024
Tecno,Pop 9 64GB,190.0,3.0,5MP,8MP,Unisoc SC9832E,5000,6.52,78.0,79.0,77.0,89.0,95.0,2024
Tecno,Spark 30 Pro 256GB,205.0,8.0,32MP,50MP,MediaTek Helio G99,5200,6.8,195.0,227.0,252.0,269.0,272.0,2024
Tecno,Spark 30 128GB,192.0,4.0,16MP,50MP,MediaTek Helio G85,5000,6.6,124.0,148.0,154.0,179.0,190.0,2024
Tecno,Phantom V Fold2 512GB,280.0,12.0,32MP,64MP,MediaTek Dimensity 9200+,5500,7.85,1423.0,1935.0,1825.0,1799.0,1907.0,2024
Tecno,Phantom V Flip2 256GB,195.0,8.0,32MP,50MP,MediaTek Dimensity 8050,4300,6.9,569.0,910.0,842.0,999.0,1089.0,2024
Tecno,Pova 6 Neo 5G 256GB,225.0,8.0,16MP,50MP,MediaTek Dimensity 810,6000,6.8,249.0,341.0,350.0,349.0,353.0,2024
Tecno,Spark 30C 128GB,190.0,4.0,16MP,50MP,MediaTek Helio G85,5000,6.6,117.0,136.0,140.0,149.0,163.0,2024
Tecno,Spark Go 1 64GB,195.0,3.0,5MP,8MP,Unisoc SC9863A,5000,6.52,81.0,85.0,84.0,99.0,108.0,2024
Tecno,Camon 30S Pro 512GB,202.0,12.0,50MP,108MP,MediaTek Dimensity 9200,5200,6.9,569.0,910.0,983.0,1099.0,1144.0,2024
Tecno,Spark 20P 128GB,195.0,4.0,16MP,50MP,MediaTek Helio G85,5000,6.6,135.0,159.0,168.0,179.0,190.0,2024
Tecno,Spark 20 Pro 5G 256GB,210.0,8.0,32MP,50MP,MediaTek Dimensity 810,5200,6.8,213.0,284.0,322.0,329.0,326.0,2024
Tecno,Pova 6 Neo 256GB,230.0,8.0,16MP,50MP,MediaTek Helio G99,6000,6.8,199.0,261.0,266.0,299.0,299.0,2024
Tecno,Camon 30 Premier 512GB,210.0,12.0,50MP,108MP,MediaTek Dimensity 9200,5200,6.9,640.0,1024.0,1053.0,1199.0,1225.0,2024
Tecno,Camon 30 Pro 512GB,205.0,12.0,50MP,64MP,MediaTek Dimensity 8200,5200,6.8,462.0,740.0,772.0,899.0,898.0,2024
Tecno,Camon 30 5G 256GB,198.0,8.0,32MP,50MP,MediaTek Dimensity 810,5000,6.7,320.0,455.0,449.0,499.0,544.0,2024
Tecno,Camon 30 128GB,195.0,6.0,32MP,50MP,MediaTek Helio G99,5000,6.7,249.0,341.0,350.0,349.0,353.0,2024
Tecno,Pova 6 Pro 512GB,230.0,12.0,32MP,64MP,MediaTek Dimensity 8100,6000,6.9,569.0,910.0,983.0,1099.0,1144.0,2024
Tecno,Spark 20 Pro+ 256GB,210.0,8.0,32MP,50MP,MediaTek Helio G99,5200,6.8,195.0,227.0,252.0,269.0,272.0,2024
Tecno,Spark 20 Pro 128GB,195.0,6.0,16MP,50MP,MediaTek Helio G85,5000,6.6,142.0,170.0,168.0,199.0,204.0,2024
Tecno,Spark 20 128GB,192.0,4.0,16MP,50MP,MediaTek Helio G85,5000,6.6,124.0,148.0,154.0,179.0,190.0,2024
Tecno,Spark 20C 128GB,190.0,4.0,16MP,50MP,MediaTek Helio G85,5000,6.6,117.0,136.0,140.0,149.0,163.0,2024
Tecno,Spark Go 2024 64GB,195.0,3.0,5MP,8MP,Unisoc SC9863A,5000,6.52,81.0,85.0,84.0,99.0,108.0,2024
Tecno,Pop 8 64GB,195.0,3.0,5MP,8MP,Unisoc SC9832E,5000,6.52,78.0,79.0,77.0,89.0,95.0,2024
Tecno,Camon 20s Pro 5G 512GB,202.0,12.0,50MP,108MP,MediaTek Dimensity 9200,5200,6.9,569.0,910.0,983.0,1099.0,1144.0,2024
Tecno,Camon 20s Pro 256GB,202.0,12.0,50MP,108MP,MediaTek Dimensity 810,5200,6.9,462.0,683.0,702.0,899.0,953.0,2024
Tecno,Camon 20s 256GB,200.0,8.0,32MP,50MP,MediaTek Helio G99,5000,6.7,284.0,398.0,393.0,449.0,490.0,2024
Tecno,Camon 20 Premier 512GB,205.0,12.0,50MP,108MP,MediaTek Dimensity 8200,5200,6.8,533.0,854.0,912.0,1049.0,1089.0,2024
Tecno,Camon 20 Pro 5G 256GB,200.0,8.0,32MP,50MP,MediaTek Dimensity 810,5000,6.7,320.0,455.0,449.0,499.0,544.0,2024
Tecno,Camon 20 Pro 128GB,198.0,6.0,32MP,50MP,MediaTek Helio G99,5000,6.7,249.0,341.0,350.0,349.0,353.0,2024
Tecno,Camon 20 128GB,195.0,6.0,32MP,50MP,MediaTek Helio G99,5000,6.7,249.0,341.0,350.0,349.0,353.0,2024
Tecno,Pova 5G 512GB,240.0,8.0,32MP,50MP,MediaTek Dimensity 900,6000,6.9,427.0,626.0,631.0,699.0,762.0,2024
Tecno,Pova 5 256GB,230.0,8.0,16MP,50MP,MediaTek Helio G99,6000,6.8,213.0,284.0,322.0,329.0,326.0,2024
Infinix,Xpad,450.0,6.0,8MP,13MP,MediaTek Helio G99,7000,10.1,195.0,250.0,280.0,299.0,299.0,2024
Infinix,Xpad 5G,470.0,8.0,16MP,50MP,MediaTek Dimensity 810,8000,10.4,284.0,341.0,350.0,399.0,408.0,2024
Infinix,Xpad Lite,420.0,4.0,5MP,8MP,Unisoc T606,6000,9.7,142.0,170.0,196.0,219.0,217.0,2024
Infinix,Xpad Pro,480.0,12.0,32MP,50MP,MediaTek Dimensity 9200,9000,11.0,355.0,455.0,491.0,549.0,544.0,2024
Infinix,Hot 50,192.0,6.0,8MP,50MP,MediaTek Helio G85,5000,6.78,142.0,170.0,196.0,219.0,217.0,2024
Infinix,Hot 50i,190.0,4.0,8MP,50MP,Unisoc T606,5000,6.6,117.0,142.0,168.0,179.0,190.0,2024
Infinix,Hot 50 5G,195.0,8.0,16MP,50MP,MediaTek Dimensity 810,5200,6.78,174.0,216.0,252.0,289.0,285.0,2024
Infinix,Hot 50 Pro,194.0,8.0,16MP,50MP,MediaTek Helio G99,5000,6.8,163.0,204.0,238.0,269.0,272.0,2024
Infinix,Hot 50 Pro+,196.0,12.0,32MP,108MP,MediaTek Dimensity 9200,5300,6.9,231.0,284.0,350.0,379.0,381.0,2024
Infinix,GT 20 Pro,198.0,12.0,32MP,108MP,MediaTek Dimensity 8200,5500,6.9,320.0,375.0,421.0,449.0,462.0,2024
Infinix,Note 40X 5G,198.0,8.0,32MP,108MP,MediaTek Dimensity 7200,5200,6.8,231.0,273.0,322.0,349.0,353.0,2024
Infinix,Note 40S,196.0,8.0,32MP,50MP,MediaTek Helio G99,5000,6.78,153.0,193.0,252.0,279.0,272.0,2024
Infinix,Note 40 5G,195.0,8.0,32MP,108MP,MediaTek Dimensity 8100,5200,6.8,195.0,227.0,280.0,319.0,299.0,2024
Infinix,Note 40 Pro 5G,195.0,12.0,32MP,108MP,MediaTek Dimensity 9000,5300,6.8,259.0,318.0,350.0,399.0,408.0,2024
Infinix,Note 40 Racing Edition,196.0,12.0,32MP,108MP,MediaTek Dimensity 9200,5500,6.9,320.0,375.0,421.0,449.0,462.0,2024
Infinix,Hot 40,196.0,8.0,32MP,50MP,MediaTek Helio G88,5000,6.78,128.0,142.0,168.0,199.0,204.0,2023
Infinix,Hot 40i,195.0,4.0,8MP,13MP,Unisoc T606,5000,6.6,103.0,125.0,140.0,159.0,163.0,2023
Infinix,Hot 40 Pro,195.0,8.0,32MP,108MP,MediaTek Helio G99,5000,6.78,142.0,170.0,196.0,229.0,231.0,2023
Infinix,Zero 40,195.0,12.0,50MP,108MP,MediaTek Dimensity 8200,5000,6.78,249.0,284.0,308.0,349.0,353.0,2024
Infinix,Zero 40 5G,195.0,12.0,50MP,108MP,MediaTek Dimensity 8200,5000,6.78,266.0,318.0,322.0,379.0,381.0,2024
Infinix,Zero Flip,190.0,8.0,32MP,108MP,Qualcomm Snapdragon 778G,4500,6.7,320.0,375.0,350.0,399.0,408.0,2024
Infinix,Note 40,190.0,8.0,32MP,108MP,MediaTek Helio G99,5000,6.78,163.0,204.0,252.0,279.0,272.0,2024
Infinix,Note 40 Pro,190.0,12.0,32MP,108MP,MediaTek Dimensity 8100,5000,6.78,213.0,261.0,308.0,329.0,326.0,2024
Infinix,Hot 30 128GB,196.0,8.0,8MP,50MP,MediaTek Helio G88,5000,6.78,128.0,142.0,168.0,199.0,204.0,2023
Infinix,Hot 30i 128GB,191.0,4.0,8MP,13MP,Unisoc T606,5000,6.6,103.0,125.0,140.0,159.0,163.0,2023
Infinix,Hot 30i NFC 128GB,191.0,4.0,8MP,13MP,Unisoc T606,5000,6.6,106.0,130.0,140.0,159.0,163.0,2023
Infinix,Hot 30 Play 128GB,205.0,4.0,8MP,16MP,MediaTek Helio G37,6000,6.82,110.0,136.0,154.0,179.0,176.0,2023
Infinix,Hot 30 5G 128GB,202.0,8.0,8MP,50MP,MediaTek Dimensity 810,5000,6.78,149.0,204.0,210.0,239.0,244.0,2023
Infinix,Zero 30 256GB,185.0,8.0,50MP,108MP,MediaTek Dimensity 8020,5000,6.78,249.0,307.0,308.0,349.0,353.0,2023
Infinix,Zero 30 5G 256GB,185.0,12.0,50MP,108MP,MediaTek Dimensity 8020,5000,6.78,266.0,341.0,322.0,379.0,381.0,2023
Infinix,GT 10 Pro 256GB,187.0,8.0,32MP,108MP,MediaTek Dimensity 8050,5000,6.67,302.0,375.0,365.0,399.0,408.0,2023
Infinix,Hot 12 128GB,195.0,6.0,8MP,13MP,MediaTek Helio G85,5000,6.82,103.0,130.0,154.0,179.0,176.0,2022
Infinix,Hot 12 Play 128GB,209.0,4.0,8MP,13MP,Unisoc T610,6000,6.82,88.0,119.0,140.0,159.0,163.0,2022
Infinix,Hot 12 Pro 128GB,191.0,8.0,8MP,50MP,Unisoc T616,5000,6.6,113.0,148.0,168.0,199.0,204.0,2022
Infinix,Hot 12i 64GB,190.0,4.0,8MP,13MP,MediaTek Helio A22,5000,6.6,81.0,113.0,126.0,139.0,135.0,2022
Infinix,Hot 20 128GB,198.0,6.0,8MP,50MP,MediaTek Helio G85,5000,6.82,110.0,148.0,168.0,199.0,204.0,2022
Infinix,Hot 20 Play 128GB,209.0,4.0,8MP,13MP,MediaTek Helio G37,6000,6.82,92.0,125.0,140.0,159.0,163.0,2022
Infinix,Hot 20s 128GB,202.0,8.0,8MP,50MP,MediaTek Helio G96,5000,6.78,124.0,170.0,196.0,219.0,217.0,2022
Infinix,Hot 20 5G 128GB,204.0,6.0,8MP,50MP,MediaTek Dimensity 810,5000,6.6,138.0,193.0,210.0,239.0,244.0,2022
Infinix,Hot 20i 64GB,195.0,4.0,8MP,13MP,MediaTek Helio G25,5000,6.6,78.0,108.0,126.0,139.0,135.0,2022
Infinix,Hot 10T 128GB,205.0,4.0,8MP,48MP,MediaTek Helio G70,5000,6.82,85.0,119.0,140.0,149.0,149.0,2021
Infinix,Hot 10S 128GB,211.0,6.0,8MP,48MP,MediaTek Helio G85,6000,6.82,92.0,136.0,154.0,169.0,163.0,2021
Infinix,Hot 10S NFC 128GB,211.0,6.0,8MP,48MP,MediaTek Helio G85,6000,6.82,96.0,142.0,168.0,179.0,176.0,2021
Infinix,Hot 10 Play 64GB,207.0,4.0,8MP,13MP,MediaTek Helio G25,6000,6.82,81.0,108.0,126.0,139.0,135.0,2021
Infinix,Hot 11 128GB,201.0,4.0,8MP,13MP,MediaTek Helio G70,5200,6.6,88.0,125.0,140.0,159.0,163.0,2021
Infinix,Hot 11 Play 128GB,209.0,4.0,8MP,13MP,MediaTek Helio G35,6000,6.82,92.0,130.0,154.0,169.0,176.0,2021
Infinix,Hot 11s 128GB,205.0,6.0,8MP,50MP,MediaTek Helio G88,5000,6.78,99.0,148.0,182.0,189.0,190.0,2021
Infinix,Smart HD 32GB,195.0,2.0,5MP,8MP,MediaTek Helio A20,5000,6.1,56.0,68.0,70.0,79.0,81.0,2020
Infinix,Note 8i 128GB,210.0,6.0,8MP,48MP,MediaTek Helio G80,5200,6.78,106.0,148.0,168.0,199.0,204.0,2020
Infinix,Note 8 128GB,210.0,6.0,16MP,64MP,MediaTek Helio G80,5200,6.95,124.0,182.0,210.0,229.0,244.0,2020
Infinix,Zero 8i 128GB,210.0,8.0,16MP,48MP,MediaTek Helio G90T,4500,6.85,142.0,204.0,224.0,249.0,272.0,2020
Infinix,Hot 10 128GB,204.0,4.0,8MP,16MP,MediaTek Helio G70,5200,6.78,88.0,125.0,140.0,159.0,163.0,2020
Infinix,Zero 8 128GB,205.0,8.0,48MP,64MP,MediaTek Helio G90T,4500,6.85,160.0,227.0,252.0,279.0,299.0,2020
Infinix,Smart 5 64GB,195.0,3.0,8MP,13MP,MediaTek Helio A20,5000,6.6,67.0,85.0,84.0,99.0,95.0,2020
Honor,9X Lite,175.0,4.0,8MP,48MP,Kirin 710F,3750,6.5,142.0,182.0,210.0,219.0,217.0,2020
Honor,30,185.0,8.0,32MP,40MP,Kirin 985 5G,4000,6.53,266.0,341.0,421.0,449.0,435.0,2020
Honor,30 Pro,190.0,8.0,32MP,50MP,Kirin 990 5G,4000,6.57,338.0,455.0,561.0,599.0,599.0,2020
Honor,30 Pro+,192.0,12.0,32MP,50MP,Kirin 990 5G,4000,6.57,391.0,523.0,631.0,699.0,708.0,2020
Honor,30S,190.0,6.0,16MP,64MP,Kirin 820 5G,4000,6.5,195.0,261.0,322.0,349.0,353.0,2020
Honor,X10,203.0,6.0,16MP,40MP,Kirin 820 5G,4300,6.63,174.0,227.0,294.0,319.0,313.0,2020
Honor,X10 Max,227.0,8.0,8MP,48MP,MediaTek Dimensity 800,5000,7.09,231.0,296.0,350.0,379.0,381.0,2020
Honor,Play 4,213.0,6.0,16MP,64MP,MediaTek Dimensity 800,4300,6.81,177.0,250.0,322.0,349.0,340.0,2020
Honor,Play 4 Pro,213.0,8.0,32MP,40MP,Kirin 990 5G,4200,6.57,266.0,341.0,491.0,549.0,544.0,2020
Honor,10X Lite,206.0,4.0,8MP,48MP,Kirin 710A,5000,6.67,124.0,159.0,210.0,229.0,231.0,2020
Honor,V40,189.0,8.0,16MP,50MP,MediaTek Dimensity 1000+,4000,6.72,320.0,432.0,561.0,599.0,599.0,2021
Honor,50,175.0,8.0,32MP,108MP,Qualcomm Snapdragon 778G,4300,6.57,320.0,432.0,379.0,549.0,558.0,2021
Honor,50 Pro,187.0,8.0,32MP,108MP,Qualcomm Snapdragon 778G,4000,6.72,391.0,512.0,519.0,649.0,680.0,2021
Honor,50 SE,191.0,8.0,16MP,108MP,MediaTek Dimensity 900,4000,6.78,266.0,341.0,336.0,449.0,462.0,2021
Honor,X20,192.0,6.0,16MP,64MP,MediaTek Dimensity 900,4300,6.67,231.0,296.0,322.0,379.0,381.0,2021
Honor,X20 SE,179.0,6.0,16MP,64MP,MediaTek Dimensity 700,4000,6.6,195.0,261.0,252.0,299.0,326.0,2021
Honor,Play 5,179.0,8.0,16MP,64MP,MediaTek Dimensity 800U,3800,6.53,177.0,227.0,294.0,319.0,313.0,2021
Honor,Play 5T,191.0,6.0,8MP,13MP,Unisoc T610,5000,6.5,124.0,170.0,210.0,219.0,217.0,2021
Honor,Magic3,202.0,8.0,13MP,50MP,Qualcomm Snapdragon 888,4600,6.76,569.0,740.0,645.0,899.0,898.0,2021
Honor,Magic3 Pro,213.0,8.0,13MP,50MP,Qualcomm Snapdragon 888+,4600,6.76,676.0,854.0,772.0,1099.0,1089.0,2021
Honor,Magic3 Pro+,236.0,12.0,13MP,50MP,Qualcomm Snapdragon 888+,4600,6.76,782.0,967.0,912.0,1299.0,1253.0,2021
Honor,60,179.0,8.0,32MP,108MP,Qualcomm Snapdragon 778G,4800,6.67,355.0,478.0,379.0,549.0,558.0,2021
Honor,60 Pro,192.0,8.0,50MP,108MP,Qualcomm Snapdragon 778G+,4800,6.78,444.0,569.0,519.0,649.0,708.0,2021
Honor,60 SE,191.0,8.0,16MP,64MP,MediaTek Dimensity 900,4300,6.67,266.0,341.0,336.0,449.0,462.0,2021
Honor,X30,189.0,6.0,16MP,48MP,Qualcomm Snapdragon 695,4800,6.81,249.0,318.0,294.0,379.0,353.0,2021
Honor,X30i,175.0,6.0,16MP,48MP,MediaTek Dimensity 810,4000,6.7,195.0,261.0,252.0,299.0,299.0,2021
Honor,X30 Max,228.0,8.0,8MP,64MP,MediaTek Dimensity 900,5000,7.09,320.0,409.0,336.0,499.0,517.0,2021
Honor,Play 6,190.0,6.0,5MP,13MP,MediaTek MT6762G Helio G25,5000,6.52,106.0,148.0,168.0,179.0,190.0,2022
Honor,Play 6T,198.0,6.0,5MP,13MP,MediaTek Dimensity 700,5000,6.74,142.0,193.0,210.0,229.0,217.0,2022
Honor,Magic4,199.0,8.0,12MP,50MP,Qualcomm Snapdragon 8 Gen 1,4800,6.81,640.0,831.0,659.0,899.0,898.0,2022
Honor,Magic4 Pro,215.0,8.0,12MP,50MP,Qualcomm Snapdragon 8 Gen 1,4600,6.81,747.0,967.0,772.0,1099.0,1089.0,2022
Honor,Magic4 Ultimate,242.0,12.0,12MP,50MP,Qualcomm Snapdragon 8 Gen 1,4600,6.81,889.0,1138.0,954.0,1299.0,1253.0,2022
Honor,Magic V,288.0,12.0,42MP,50MP,Qualcomm Snapdragon 8 Gen 1,4750,7.9,1245.0,1708.0,1404.0,1799.0,1798.0,2022
Honor,70,178.0,8.0,32MP,54MP,Qualcomm Snapdragon 778G+,4800,6.67,427.0,535.0,379.0,549.0,571.0,2022
Honor,70 Pro,192.0,8.0,50MP,54MP,MediaTek Dimensity 8000,4500,6.78,533.0,683.0,519.0,699.0,735.0,2022
Honor,70 Pro+,209.0,12.0,50MP,54MP,MediaTek Dimensity 9000,4500,6.78,640.0,797.0,603.0,799.0,871.0,2022
Honor,X40,172.0,6.0,8MP,50MP,Qualcomm Snapdragon 695,5100,6.67,231.0,307.0,210.0,299.0,299.0,2022
Honor,X40i,175.0,6.0,8MP,50MP,MediaTek Dimensity 700,4000,6.7,177.0,261.0,252.0,279.0,272.0,2022
Honor,Play 7,196.0,4.0,5MP,13MP,MediaTek Helio G37,5200,6.74,106.0,142.0,154.0,159.0,163.0,2023
Honor,Play 7T,199.0,6.0,5MP,13MP,MediaTek Dimensity 6020,5200,6.74,124.0,170.0,182.0,199.0,204.0,2023
Honor,Magic5,204.0,8.0,12MP,50MP,Qualcomm Snapdragon 8 Gen 2,5100,6.81,711.0,910.0,702.0,999.0,980.0,2023
Honor,Magic5 Pro,219.0,12.0,12MP,50MP,Qualcomm Snapdragon 8 Gen 2,5100,6.81,889.0,1138.0,870.0,1199.0,1198.0,2023
Honor,Magic5 Ultimate,234.0,16.0,12MP,50MP,Qualcomm Snapdragon 8 Gen 2,5450,6.81,1067.0,1366.0,1053.0,1399.0,1416.0,2023
Honor,Magic Vs,267.0,12.0,16MP,50MP,Qualcomm Snapdragon 8+ Gen 1,5000,7.9,1316.0,1708.0,1404.0,1699.0,1689.0,2023
Honor,80,180.0,8.0,32MP,160MP,Qualcomm Snapdragon 782G,4800,6.67,427.0,535.0,379.0,549.0,571.0,2022
Honor,80 Pro,193.0,12.0,50MP,160MP,Qualcomm Snapdragon 8+ Gen 1,4800,6.78,604.0,797.0,589.0,799.0,844.0,2022
Honor,80 SE,175.0,8.0,32MP,64MP,MediaTek Dimensity 900,4600,6.67,302.0,398.0,280.0,399.0,435.0,2022
Honor,X50,185.0,6.0,8MP,108MP,Qualcomm Snapdragon 6 Gen 1,5800,6.78,266.0,330.0,224.0,299.0,299.0,2023
Honor,X50i,179.0,6.0,8MP,100MP,MediaTek Dimensity 6020,4500,6.7,195.0,250.0,196.0,249.0,244.0,2023
Honor,Play 8,191.0,4.0,5MP,13MP,MediaTek Helio G36,5000,6.52,99.0,130.0,140.0,149.0,149.0,2023
Honor,Play 8T,195.0,6.0,5MP,50MP,MediaTek Dimensity 6100+,5200,6.74,117.0,159.0,168.0,189.0,190.0,2023
Honor,Magic6,203.0,8.0,12MP,50MP,Qualcomm Snapdragon 8 Gen 3,5200,6.81,782.0,1024.0,772.0,1099.0,1089.0,2024
Honor,Magic6 Pro,219.0,12.0,12MP,50MP,Qualcomm Snapdragon 8 Gen 3,5500,6.81,960.0,1252.0,983.0,1299.0,1280.0,2024
Honor,Magic6 Ultimate,234.0,16.0,12MP,50MP,Qualcomm Snapdragon 8 Gen 3,5550,6.81,1138.0,1480.0,1151.0,1499.0,1498.0,2024
Honor,Magic V2,231.0,12.0,16MP,50MP,Qualcomm Snapdragon 8 Gen 2,5000,7.92,1387.0,1821.0,1544.0,1899.0,1907.0,2024
Honor,90,183.0,12.0,50MP,200MP,Qualcomm Snapdragon 7 Gen 1,5000,6.7,498.0,626.0,421.0,599.0,599.0,2023
Honor,90 Pro,192.0,12.0,50MP,200MP,Qualcomm Snapdragon 8+ Gen 1,5000,6.78,604.0,740.0,561.0,699.0,762.0,2023
Honor,90 SE,175.0,8.0,32MP,64MP,MediaTek Dimensity 900,4600,6.67,302.0,398.0,280.0,399.0,435.0,2023
Honor,X60,185.0,6.0,8MP,108MP,Qualcomm Snapdragon 6 Gen 1,5800,6.78,266.0,330.0,224.0,299.0,299.0,2023
Honor,X60i,179.0,6.0,8MP,100MP,MediaTek Dimensity 6020,4500,6.7,195.0,250.0,196.0,249.0,244.0,2023
Honor,Play 9,191.0,4.0,5MP,13MP,MediaTek Helio G36,5000,6.52,99.0,130.0,140.0,149.0,149.0,2023
Honor,Play 9T,195.0,6.0,5MP,50MP,MediaTek Dimensity 6100+,5200,6.74,117.0,159.0,168.0,189.0,190.0,2023
Honor,Magic7,203.0,8.0,12MP,50MP,Qualcomm Snapdragon 8 Gen 3,5200,6.81,782.0,1024.0,772.0,1099.0,1089.0,2024
Honor,Magic7 Pro,219.0,12.0,12MP,50MP,Qualcomm Snapdragon 8 Gen 3,5500,6.81,960.0,1252.0,983.0,1299.0,1280.0,2024
Honor,Magic7 Ultimate,234.0,16.0,12MP,50MP,Qualcomm Snapdragon 8 Gen 3,5550,6.81,1138.0,1480.0,1151.0,1499.0,1498.0,2024
Honor,Magic V3,231.0,12.0,16MP,50MP,Qualcomm Snapdragon 8 Gen 2,5000,7.92,1387.0,1821.0,1544.0,1899.0,1907.0,2024
Honor,Pad 6,460.0,4.0,2MP,5MP,Qualcomm Snapdragon 662,5100,10.1,177.0,204.0,182.0,199.0,204.0,2020
Honor,Pad X6,460.0,3.0,2MP,5MP,MediaTek MT8768T,5100,9.7,142.0,170.0,140.0,159.0,163.0,2020
Honor,Pad 7,460.0,4.0,2MP,5MP,MediaTek Helio G80,5100,10.1,195.0,227.0,196.0,229.0,231.0,2021
Honor,Tablet V7,480.0,6.0,8MP,13MP,MediaTek Dimensity 800,7250,10.4,302.0,398.0,308.0,399.0,408.0,2021
Honor,Tablet V7 Pro,485.0,8.0,8MP,13MP,MediaTek Dimensity 1300T,7250,11.0,391.0,512.0,407.0,499.0,490.0,2021
Honor,Pad 8,520.0,6.0,5MP,5MP,Qualcomm Snapdragon 680,7250,12.0,249.0,284.0,224.0,299.0,299.0,2022
Honor,Pad X8,460.0,4.0,2MP,5MP,MediaTek Helio G80,5100,10.1,160.0,193.0,168.0,189.0,190.0,2022
Honor,Pad X8 Lite,450.0,3.0,2MP,5MP,MediaTek MT8786,5000,9.7,124.0,148.0,140.0,149.0,149.0,2022
Honor,Pad V8,510.0,6.0,5MP,13MP,MediaTek Dimensity 8020,7250,11.0,338.0,455.0,350.0,449.0,435.0,2023
Honor,Pad V8 Pro,530.0,8.0,8MP,13MP,MediaTek Dimensity 9000,8500,12.1,462.0,626.0,505.0,649.0,626.0,2023
Honor,Pad 9,550.0,8.0,8MP,13MP,Qualcomm Snapdragon 6 Gen 1,8300,12.1,302.0,398.0,322.0,399.0,408.0,2024
Honor,Pad 9 Pro,560.0,12.0,8MP,13MP,MediaTek Dimensity 8100,9000,12.6,391.0,512.0,421.0,499.0,490.0,2024
Honor,Pad X9,495.0,6.0,5MP,8MP,Qualcomm Snapdragon 685,7250,11.5,213.0,261.0,224.0,299.0,299.0,2023
Honor,Pad X8 Pro,460.0,4.0,2MP,5MP,MediaTek Helio G80,5100,10.1,160.0,193.0,168.0,189.0,190.0,2023
Honor,MagicPad 13,590.0,12.0,8MP,13MP,Qualcomm Snapdragon 8+ Gen 1,10000,13.0,533.0,740.0,561.0,799.0,817.0,2023
Honor,MagicPad 2,580.0,16.0,12MP,16MP,Qualcomm Snapdragon 8 Gen 2,10500,13.2,640.0,854.0,631.0,899.0,898.0,2024
Honor,Pad X8a,450.0,4.0,2MP,5MP,MediaTek MT8786,5000,9.7,124.0,148.0,140.0,149.0,149.0,2023
Honor,Pad X8a Kids Edition,460.0,3.0,2MP,5MP,MediaTek MT8786,5100,9.7,106.0,125.0,112.0,129.0,135.0,2023
Honor,Pad X9 Pro,505.0,8.0,8MP,13MP,Qualcomm Snapdragon 7s Gen 2,8000,11.6,284.0,341.0,308.0,399.0,408.0,2024
Honor,Pad V9,530.0,8.0,8MP,13MP,MediaTek Dimensity 9000,8500,12.1,462.0,626.0,505.0,649.0,626.0,2024
Honor,Pad GT Pro,610.0,12.0,12MP,16MP,Qualcomm Snapdragon 8 Gen 3,10500,13.5,711.0,967.0,702.0,999.0,1035.0,2024
Honor,Pad X10,475.0,6.0,5MP,8MP,Qualcomm Snapdragon 685,8850,12.1,266.0,341.0,322.0,399.0,408.0,2024
Honor,Pad X10 Pro,485.0,8.0,8MP,13MP,Qualcomm Snapdragon 7s Gen 2,9000,12.6,338.0,455.0,421.0,499.0,490.0,2024
Honor,MagicPad 3,590.0,12.0,12MP,16MP,Qualcomm Snapdragon 8 Gen 3,10500,13.0,533.0,740.0,561.0,799.0,817.0,2024
Honor,Pad V10,530.0,8.0,8MP,13MP,MediaTek Dimensity 9000,8500,12.1,462.0,626.0,505.0,649.0,626.0,2024
Poco,F2 Pro 128GB,219.0,6.0,20MP,64MP,Snapdragon 865,4700,6.67,355.0,432.0,421.0,499.0,544.0,2020
Poco,M2 Pro 64GB,209.0,4.0,16MP,48MP,Snapdragon 720G,5000,6.67,124.0,159.0,196.0,199.0,217.0,2020
Poco,X3 NFC 128GB,215.0,6.0,20MP,64MP,Snapdragon 732G,5160,6.67,142.0,193.0,224.0,229.0,244.0,2020
Poco,M3 64GB,198.0,4.0,8MP,48MP,Snapdragon 662,6000,6.53,88.0,125.0,140.0,149.0,163.0,2020
Poco,F3 128GB,196.0,6.0,20MP,48MP,Snapdragon 870,4520,6.67,249.0,341.0,350.0,349.0,381.0,2021
Poco,X3 Pro 128GB,215.0,6.0,20MP,48MP,Snapdragon 860,5160,6.67,177.0,216.0,252.0,249.0,272.0,2021
Poco,M3 Pro 5G 64GB,190.0,4.0,8MP,48MP,MediaTek Dimensity 700,5000,6.5,106.0,159.0,168.0,199.0,217.0,2021
Poco,F3 GT 128GB,205.0,6.0,16MP,64MP,MediaTek Dimensity 1200,5065,6.67,284.0,296.0,322.0,399.0,408.0,2021
Poco,X3 GT 128GB,193.0,6.0,16MP,64MP,MediaTek Dimensity 1100,5000,6.6,160.0,250.0,266.0,279.0,299.0,2021
Poco,M4 Pro 5G 128GB,195.0,4.0,16MP,50MP,MediaTek Dimensity 810,5000,6.6,124.0,170.0,210.0,219.0,231.0,2021
Poco,F4 128GB,195.0,6.0,20MP,64MP,Snapdragon 870,4500,6.67,266.0,318.0,336.0,349.0,381.0,2022
Poco,F4 GT 128GB,210.0,8.0,20MP,64MP,Snapdragon 8 Gen 1,4700,6.67,355.0,455.0,463.0,499.0,544.0,2022
Poco,X4 Pro 5G 128GB,205.0,6.0,16MP,108MP,Snapdragon 695,5000,6.67,195.0,216.0,280.0,299.0,326.0,2022
Poco,M4 Pro 128GB,179.0,6.0,16MP,64MP,MediaTek Helio G96,5000,6.43,142.0,170.0,210.0,219.0,231.0,2022
Poco,M5 128GB,201.0,4.0,5MP,50MP,MediaTek Helio G99,5000,6.58,106.0,142.0,182.0,199.0,217.0,2022
Poco,M5s 128GB,178.8,4.0,13MP,64MP,MediaTek Helio G95,5000,6.43,124.0,159.0,196.0,229.0,244.0,2022
Poco,F5 128GB,181.0,6.0,16MP,64MP,Snapdragon 7+ Gen 2,5000,6.67,284.0,341.0,322.0,349.0,353.0,2023
Poco,F5 Pro 256GB,204.0,8.0,20MP,64MP,Snapdragon 8+ Gen 1,5160,6.67,355.0,455.0,463.0,499.0,517.0,2023
Poco,X5 128GB,189.0,6.0,13MP,48MP,Snapdragon 695,5000,6.67,195.0,216.0,252.0,279.0,299.0,2023
Poco,X5 Pro 128GB,181.0,6.0,16MP,108MP,Snapdragon 778G,5000,6.67,231.0,261.0,308.0,329.0,326.0,2023
Poco,M6 64GB,199.0,4.0,8MP,50MP,MediaTek Helio G88,5000,6.58,106.0,148.0,182.0,199.0,217.0,2023
Poco,M6 Pro 128GB,202.0,6.0,8MP,50MP,Snapdragon 4 Gen 1,5000,6.79,124.0,170.0,210.0,219.0,231.0,2023
Poco,X6 128GB,193.0,6.0,16MP,64MP,MediaTek Dimensity 8100,5000,6.67,213.0,250.0,322.0,349.0,353.0,2024
Poco,X6 Pro 256GB,205.0,8.0,20MP,108MP,MediaTek Dimensity 8300,5000,6.67,249.0,284.0,365.0,399.0,408.0,2024
Poco,F6 128GB,190.0,6.0,20MP,64MP,Snapdragon 8 Gen 2,5000,6.67,320.0,398.0,421.0,449.0,462.0,2024
Poco,F6 Pro 256GB,210.0,8.0,20MP,108MP,Snapdragon 8+ Gen 2,5160,6.67,391.0,512.0,491.0,549.0,544.0,2024
Poco,C65 64GB,190.0,4.0,5MP,50MP,MediaTek Helio G85,5000,6.5,88.0,125.0,140.0,149.0,163.0,2024
Poco,X7 128GB,195.0,6.0,16MP,64MP,MediaTek Dimensity 8200,5000,6.67,231.0,261.0,308.0,329.0,326.0,2025
Poco,X7 Pro 256GB,207.0,8.0,20MP,108MP,MediaTek Dimensity 8400,6000,6.67,284.0,318.0,379.0,399.0,408.0,2025
Poco,M7 5G 128GB,198.0,6.0,8MP,50MP,MediaTek Dimensity 7025,5110,6.67,142.0,182.0,224.0,229.0,244.0,2024
Poco,Pad 5G 128GB,571.0,8.0,8MP,8MP,Snapdragon 7s Gen 2,10000,12.1,235.0,273.0,294.0,280.0,280.0,2024
Poco,Pad 5G 256GB,571.0,8.0,8MP,8MP,Snapdragon 7s Gen 2,10000,12.1,253.0,296.0,322.0,300.0,299.0,2024
Samsung,Galaxy Z Fold6 256GB,239.0,12.0,"10MP, 4MP (UDC)",50MP,Snapdragon 8 Gen 3,4400,7.6,2153.0,1878.0,1966.0,1899.0,1961.0,2024
Samsung,Galaxy Z Fold6 512GB,239.0,12.0,"10MP, 4MP (UDC)",50MP,Snapdragon 8 Gen 3,4400,7.6,1939.0,2015.0,2247.0,1719.0,2097.0,2024
